Actual P(h),Expected P(h),c_1,c_2,A

1.5*h**2 + 2.5*h + 1.0 for k >= 1,2.0*h**2 + 2.0*h + 1.0,2,2,"[(0, 0), (1, 0), (2, 1), (3, 1), (4, 2)]"

1.5*h**2 + 2.5*h + 1.0 for k >= 1,2.0*h**2 + 2.0*h + 1.0,2,2,"[(0, 0), (1, 1), (2, 1), (1, 0), (2, 2)]"

1.5*h**2 + 2.5*h + 1.0 for k >= 1,2.0*h**2 + 2.0*h + 1.0,2,2,"[(0, 1), (0, 2), (1, 0), (1, 1), (1, 2)]"

2.0*h**2 + 2.0*h + 1.0 for k >= 1,3.0*h**2 + 2.0,2,3,"[(0, 0), (0, 1), (1, 1), (2, 1), (2, 2)]"

2.0*h**2 + 3.0*h for k >= 1,3.0*h**2 + 2.0,2,3,"[(0, 0), (1, 0), (1, 1), (0, 2), (0, 3)]"

2.0*h**2 + 3.0*h for k >= 1,3.0*h**2 + 2.0,2,3,"[(0, 0), (1, 0), (1, 1), (2, 1), (3, 0)]"

2.5*h**2 + 1.5*h + 1.0 for k >= 1,3.0*h**2 + 2.0,2,3,"[(0, 0), (1, 1), (2, 1), (0, 1), (5, 2)]"

2.5*h**2 + 1.5*h + 1.0 for k >= 1,3.0*h**2 + 2.0,2,3,"[(0, 0), (1, 1), (3, 2), (4, 2), (8, 4)]"

2.5*h**2 + 1.5*h + 1.0 for k >= 1,3.0*h**2 + 2.0,2,3,"[(0, 1), (0, 2), (1, 0), (1, 1), (3, 0)]"

2.5*h**2 + 3.5*h - 3.0 for k >= 2,4.0*h**2 - 4.0*h + 6.0,2,4,"[(0, 0), (0, 1), (1, 0), (0, 4), (1, 1)]"

2.5*h**2 + 3.5*h - 3.0 for k >= 2,4.0*h**2 - 4.0*h + 6.0,2,4,"[(0, 0), (0, 1), (1, 1), (1, 0), (4, 0)]"

2.5*h**2 + 3.5*h - 3.0 for k >= 2,4.0*h**2 - 4.0*h + 6.0,2,4,"[(0, 0), (1, 0), (1, 1), (2, 1), (4, 0)]"

2.5*h**2 + 3.5*h - 3.0 for k >= 2,4.0*h**2 - 4.0*h + 6.0,2,4,"[(0, 0), (1, 0), (1, 1), (4, 0), (5, 0)]"

2.5*h**2 + 3.5*h - 3.0 for k >= 2,4.0*h**2 - 4.0*h + 6.0,2,4,"[(0, 0), (1, 1), (2, 1), (5, 1), (6, 1)]"

3.0*h**2 + 1.0*h for k >= 2,4.0*h**2 - 4.0*h + 6.0,2,4,"[(0, 0), (0, 1), (1, 0), (1, 1), (2, 4)]"

3.0*h**2 + 1.0*h for k >= 2,4.0*h**2 - 4.0*h + 6.0,2,4,"[(0, 0), (1, 1), (3, 2), (2, 1), (2, 3)]"

3.0*h**2 + 2.0*h - 1.0 for k >= 2,4.5*h**2 - 4.5*h + 6.0,3,3,"[(0, 0), (1, 0), (1, 1), (4, 0), (6, 0)]"

3.0*h**2 + 4.0*h - 9.0 for k >= 3,5.0*h**2 - 10.0*h + 15.0,2,5,"[(0, 1), (1, 0), (1, 1), (0, 0), (1, 5)]"

3.5*h**2 - 0.5*h + 2.0 for k >= 1,4.5*h**2 - 4.5*h + 6.0,3,3,"[(0, 0), (1, 1), (3, 2), (1, 0), (5, 2)]"

3.5*h**2 - 0.5*h + 2.0 for k >= 1,4.5*h**2 - 4.5*h + 6.0,3,3,"[(0, 1), (1, 0), (1, 1), (0, 5), (1, 3)]"

3.5*h**2 - 1.5*h + 3.0 for k >= 1,4.0*h**2 - 4.0*h + 6.0,2,4,"[(0, 0), (0, 1), (1, 1), (0, 2), (3, 4)]"

3.5*h**2 - 1.5*h + 3.0 for k >= 1,4.0*h**2 - 4.0*h + 6.0,2,4,"[(0, 0), (0, 1), (1, 1), (2, 1), (7, 3)]"

3.5*h**2 - 1.5*h + 3.0 for k >= 1,4.0*h**2 - 4.0*h + 6.0,2,4,"[(0, 0), (1, 0), (1, 1), (0, 3), (0, 6)]"

3.5*h**2 - 1.5*h + 3.0 for k >= 1,4.0*h**2 - 4.0*h + 6.0,2,4,"[(0, 0), (1, 0), (1, 1), (2, 0), (5, 2)]"

3.5*h**2 - 1.5*h + 3.0 for k >= 1,4.0*h**2 - 4.0*h + 6.0,2,4,"[(0, 0), (1, 0), (1, 1), (2, 1), (2, 4)]"

3.5*h**2 - 1.5*h + 3.0 for k >= 1,4.0*h**2 - 4.0*h + 6.0,2,4,"[(0, 0), (1, 0), (1, 1), (2, 2), (5, 7)]"

3.5*h**2 - 1.5*h + 3.0 for k >= 1,4.0*h**2 - 4.0*h + 6.0,2,4,"[(0, 0), (1, 0), (1, 1), (2, 2), (6, 7)]"

3.5*h**2 - 1.5*h + 3.0 for k >= 1,4.0*h**2 - 4.0*h + 6.0,2,4,"[(0, 0), (1, 0), (1, 1), (3, 4), (3, 5)]"

3.5*h**2 - 1.5*h + 3.0 for k >= 1,4.0*h**2 - 4.0*h + 6.0,2,4,"[(0, 0), (1, 0), (1, 1), (4, 2), (7, 3)]"

3.5*h**2 - 1.5*h + 3.0 for k >= 1,4.0*h**2 - 4.0*h + 6.0,2,4,"[(0, 0), (1, 1), (2, 1), (0, 2), (3, 2)]"

3.5*h**2 - 1.5*h + 3.0 for k >= 1,4.0*h**2 - 4.0*h + 6.0,2,4,"[(0, 0), (1, 1), (2, 1), (4, 2), (8, 5)]"

3.5*h**2 - 1.5*h + 3.0 for k >= 1,4.0*h**2 - 4.0*h + 6.0,2,4,"[(0, 1), (0, 2), (1, 0), (0, 3), (1, 5)]"

3.5*h**2 - 1.5*h + 3.0 for k >= 1,4.0*h**2 - 4.0*h + 6.0,2,4,"[(0, 2), (1, 0), (1, 1), (2, 2), (3, 3)]"

3.5*h**2 + 0.5*h - 3.0 for k >= 3,5.0*h**2 - 10.0*h + 15.0,2,5,"[(0, 0), (1, 1), (2, 1), (7, 5), (8, 6)]"

3.5*h**2 + 1.5*h - 3.0 for k >= 3,4.5*h**2 - 4.5*h + 6.0,3,3,"[(0, 0), (1, 0), (1, 1), (0, 2), (1, 5)]"

3.5*h**2 + 1.5*h - 3.0 for k >= 3,4.5*h**2 - 4.5*h + 6.0,3,3,"[(0, 0), (1, 0), (1, 1), (5, 1), (7, 1)]"

3.5*h**2 + 1.5*h - 3.0 for k >= 3,4.5*h**2 - 4.5*h + 6.0,3,3,"[(0, 0), (1, 0), (2, 1), (6, 5), (8, 7)]"

3.5*h**2 + 4.5*h - 19.0 for k >= 4,6.0*h**2 - 18.0*h + 31.0,2,6,"[(0, 0), (0, 1), (1, 1), (1, 0), (1, 6)]"

3.5*h**2 + 4.5*h - 19.0 for k >= 4,6.0*h**2 - 18.0*h + 31.0,2,6,"[(0, 0), (1, 0), (1, 1), (0, 1), (1, 6)]"

3.5*h**2 + 4.5*h - 19.0 for k >= 4,6.0*h**2 - 18.0*h + 31.0,2,6,"[(0, 1), (1, 0), (1, 1), (6, 0), (7, 0)]"

3.5*h**2 + 4.5*h - 19.0 for k >= 4,6.0*h**2 - 18.0*h + 31.0,2,6,"[(0, 2), (1, 0), (1, 1), (0, 3), (0, 8)]"

10.0*h**2 - 24.0*h - 30.0 for k >= 10,12.5*h**2 - 62.5*h + 125.0,5,5,"[(0, 2), (1, 0), (1, 1), (5, 4), (8, 6)]"

10.0*h**2 - 32.0*h + 30.0 for k >= 7,12.5*h**2 - 62.5*h + 125.0,5,5,"[(0, 0), (0, 1), (1, 1), (0, 8), (2, 6)]"

10.0*h**2 - 32.0*h + 30.0 for k >= 7,12.5*h**2 - 62.5*h + 125.0,5,5,"[(0, 0), (1, 0), (1, 1), (6, 2), (8, 0)]"

10.0*h**2 - 32.0*h + 30.0 for k >= 7,12.5*h**2 - 62.5*h + 125.0,5,5,"[(0, 0), (1, 1), (2, 1), (1, 5), (3, 8)]"

10.0*h**2 - 34.0*h + 43.0 for k >= 6,12.5*h**2 - 62.5*h + 125.0,5,5,"[(0, 5), (1, 3), (3, 0), (1, 5), (2, 8)]"

10.0*h**2 - 37.0*h + 55.0 for k >= 6,12.0*h**2 - 60.0*h + 122.0,4,6,"[(0, 0), (0, 1), (1, 1), (6, 5), (7, 8)]"

10.0*h**2 - 37.0*h + 55.0 for k >= 6,12.0*h**2 - 60.0*h + 122.0,4,6,"[(0, 0), (1, 0), (1, 1), (5, 6), (8, 7)]"

10.0*h**2 - 37.0*h + 55.0 for k >= 6,12.0*h**2 - 60.0*h + 122.0,4,6,"[(0, 0), (2, 1), (3, 2), (7, 2), (9, 5)]"

10.0*h**2 - 38.0*h + 61.0 for k >= 4,12.0*h**2 - 60.0*h + 122.0,4,6,"[(0, 0), (1, 1), (2, 1), (2, 4), (6, 2)]"

10.0*h**2 - 42.0*h + 63.0 for k >= 8,12.0*h**2 - 72.0*h + 176.0,3,8,"[(0, 0), (1, 1), (2, 1), (2, 6), (4, 3)]"

10.0*h**2 - 43.0*h + 71.0 for k >= 7,12.0*h**2 - 72.0*h + 176.0,3,8,"[(0, 0), (1, 0), (1, 1), (8, 5), (9, 4)]"

10.0*h**2 - 44.0*h + 78.0 for k >= 7,12.0*h**2 - 72.0*h + 176.0,3,8,"[(0, 0), (0, 1), (1, 1), (2, 0), (4, 8)]"

10.0*h**2 - 46.0*h + 91.0 for k >= 5,10.5*h**2 - 52.5*h + 112.0,3,7,"[(0, 0), (0, 1), (1, 1), (2, 8), (3, 3)]"

10.0*h**2 - 46.0*h + 91.0 for k >= 5,10.5*h**2 - 52.5*h + 112.0,3,7,"[(0, 0), (0, 1), (1, 1), (6, 8), (7, 7)]"

10.0*h**2 - 46.0*h + 91.0 for k >= 5,10.5*h**2 - 52.5*h + 112.0,3,7,"[(0, 0), (1, 0), (1, 1), (0, 2), (6, 8)]"

10.0*h**2 - 46.0*h + 91.0 for k >= 5,10.5*h**2 - 52.5*h + 112.0,3,7,"[(0, 0), (1, 0), (1, 1), (0, 6), (3, 2)]"

10.0*h**2 - 46.0*h + 91.0 for k >= 5,10.5*h**2 - 52.5*h + 112.0,3,7,"[(0, 0), (1, 0), (1, 1), (2, 3), (9, 7)]"

10.0*h**2 - 46.0*h + 91.0 for k >= 5,10.5*h**2 - 52.5*h + 112.0,3,7,"[(0, 0), (1, 0), (1, 1), (3, 0), (8, 6)]"

10.0*h**2 - 46.0*h + 91.0 for k >= 5,10.5*h**2 - 52.5*h + 112.0,3,7,"[(0, 0), (3, 2), (5, 3), (4, 4), (8, 3)]"

10.0*h**2 - 61.0*h + 111.0 for k >= 11,13.0*h**2 - 130.0*h + 507.0,2,13,"[(0, 0), (1, 0), (2, 1), (2, 7), (3, 1)]"

10.5*h**2 - 24.5*h - 71.0 for k >= 12,14.0*h**2 - 84.0*h + 196.0,4,7,"[(0, 0), (2, 1), (3, 2), (1, 3), (2, 8)]"

10.5*h**2 - 30.5*h - 81.0 for k >= 12,15.0*h**2 - 120.0*h + 370.0,3,10,"[(0, 0), (2, 1), (3, 2), (3, 7), (4, 7)]"

10.5*h**2 - 32.5*h + 18.0 for k >= 7,15.0*h**2 - 90.0*h + 205.0,5,6,"[(0, 1), (0, 2), (1, 0), (4, 2), (5, 5)]"

10.5*h**2 - 34.5*h + 19.0 for k >= 8,14.0*h**2 - 84.0*h + 196.0,4,7,"[(0, 1), (1, 0), (1, 1), (7, 4), (8, 6)]"

10.5*h**2 - 36.5*h + 34.0 for k >= 7,14.0*h**2 - 84.0*h + 196.0,4,7,"[(0, 1), (0, 2), (1, 0), (3, 2), (8, 0)]"

10.5*h**2 - 38.5*h + 53.0 for k >= 6,12.5*h**2 - 62.5*h + 125.0,5,5,"[(0, 0), (0, 1), (1, 0), (2, 5), (5, 6)]"

10.5*h**2 - 40.5*h + 58.0 for k >= 7,12.0*h**2 - 60.0*h + 122.0,4,6,"[(0, 0), (1, 1), (3, 2), (0, 3), (6, 5)]"

10.5*h**2 - 40.5*h + 64.0 for k >= 4,12.5*h**2 - 62.5*h + 125.0,5,5,"[(0, 0), (0, 1), (1, 1), (3, 6), (5, 4)]"

10.5*h**2 - 41.5*h + 65.0 for k >= 6,12.0*h**2 - 60.0*h + 122.0,4,6,"[(0, 0), (1, 0), (2, 1), (5, 5), (6, 9)]"

10.5*h**2 - 43.5*h + 76.0 for k >= 5,12.0*h**2 - 60.0*h + 122.0,4,6,"[(0, 0), (1, 0), (1, 1), (5, 6), (5, 9)]"

10.5*h**2 - 43.5*h + 76.0 for k >= 5,12.0*h**2 - 60.0*h + 122.0,4,6,"[(0, 0), (1, 0), (2, 1), (7, 1), (8, 4)]"

10.5*h**2 - 43.5*h + 76.0 for k >= 5,12.0*h**2 - 60.0*h + 122.0,4,6,"[(0, 1), (1, 0), (1, 1), (2, 5), (5, 5)]"

10.5*h**2 - 50.5*h + 99.0 for k >= 7,12.0*h**2 - 72.0*h + 176.0,3,8,"[(0, 0), (1, 0), (1, 1), (3, 2), (4, 9)]"

10.5*h**2 - 76.5*h + 221.0 for k >= 10,12.0*h**2 - 108.0*h + 386.0,2,12,"[(0, 0), (1, 0), (2, 1), (6, 9), (7, 9)]"

10.5*h**2 - 78.5*h + 241.0 for k >= 8,11.0*h**2 - 88.0*h + 286.0,2,11,"[(0, 1), (0, 2), (1, 0), (0, 0), (7, 7)]"

11.0*h**2 - 40.0*h + 34.0 for k >= 8,14.0*h**2 - 84.0*h + 196.0,4,7,"[(0, 0), (1, 0), (1, 1), (4, 2), (8, 9)]"

11.0*h**2 - 42.0*h - 19.0 for k >= 12,13.5*h**2 - 94.5*h + 261.0,3,9,"[(0, 1), (0, 2), (1, 0), (4, 7), (4, 9)]"

11.0*h**2 - 43.0*h + 55.0 for k >= 7,14.0*h**2 - 84.0*h + 196.0,4,7,"[(0, 0), (0, 1), (1, 0), (3, 1), (8, 7)]"

11.0*h**2 - 48.0*h + 46.0 for k >= 9,15.0*h**2 - 120.0*h + 370.0,3,10,"[(0, 0), (1, 1), (3, 2), (7, 5), (7, 8)]"

11.0*h**2 - 48.0*h + 86.0 for k >= 5,12.0*h**2 - 60.0*h + 122.0,4,6,"[(0, 0), (1, 0), (1, 1), (4, 2), (4, 7)]"

11.0*h**2 - 48.0*h + 86.0 for k >= 5,12.0*h**2 - 60.0*h + 122.0,4,6,"[(0, 0), (1, 1), (2, 1), (4, 5), (6, 2)]"

11.0*h**2 - 57.0*h + 120.0 for k >= 7,12.0*h**2 - 72.0*h + 176.0,3,8,"[(0, 0), (2, 1), (3, 2), (2, 4), (6, 9)]"

11.0*h**2 - 58.0*h + 127.0 for k >= 6,12.0*h**2 - 72.0*h + 176.0,3,8,"[(0, 0), (0, 1), (1, 1), (1, 8), (3, 3)]"

11.0*h**2 - 58.0*h + 127.0 for k >= 6,12.0*h**2 - 72.0*h + 176.0,3,8,"[(0, 0), (0, 1), (1, 1), (2, 0), (8, 7)]"

11.0*h**2 - 58.0*h + 127.0 for k >= 6,12.0*h**2 - 72.0*h + 176.0,3,8,"[(0, 0), (1, 0), (1, 1), (3, 3), (8, 1)]"

11.0*h**2 - 58.0*h + 127.0 for k >= 6,12.0*h**2 - 72.0*h + 176.0,3,8,"[(0, 0), (1, 0), (1, 1), (8, 3), (8, 5)]"

11.0*h**2 - 58.0*h + 127.0 for k >= 6,12.0*h**2 - 72.0*h + 176.0,3,8,"[(0, 0), (1, 1), (2, 1), (2, 6), (4, 1)]"

11.0*h**2 - 58.0*h + 127.0 for k >= 6,12.0*h**2 - 72.0*h + 176.0,3,8,"[(0, 1), (1, 0), (1, 1), (0, 3), (7, 2)]"

11.0*h**2 - 84.0*h + 243.0 for k >= 11,13.0*h**2 - 130.0*h + 507.0,2,13,"[(0, 1), (0, 2), (1, 0), (1, 1), (9, 5)]"

11.0*h**2 - 84.0*h + 243.0 for k >= 11,13.0*h**2 - 130.0*h + 507.0,2,13,"[(0, 1), (1, 0), (1, 1), (2, 0), (5, 9)]"

11.5*h**2 - 38.5*h - 115.0 for k >= 14,15.0*h**2 - 120.0*h + 370.0,3,10,"[(0, 0), (3, 2), (5, 3), (3, 0), (8, 1)]"

11.5*h**2 - 38.5*h + 11.0 for k >= 9,15.0*h**2 - 90.0*h + 205.0,5,6,"[(0, 0), (0, 1), (1, 0), (6, 5), (9, 9)]"

11.5*h**2 - 44.5*h + 38.0 for k >= 9,14.0*h**2 - 84.0*h + 196.0,4,7,"[(0, 2), (1, 0), (1, 1), (5, 3), (9, 3)]"

11.5*h**2 - 44.5*h + 56.0 for k >= 7,15.0*h**2 - 90.0*h + 205.0,5,6,"[(0, 0), (0, 1), (1, 1), (0, 7), (3, 5)]"

11.5*h**2 - 50.5*h + 89.0 for k >= 5,12.5*h**2 - 62.5*h + 125.0,5,5,"[(0, 0), (1, 0), (1, 1), (2, 5), (5, 2)]"

11.5*h**2 - 50.5*h + 89.0 for k >= 5,12.5*h**2 - 62.5*h + 125.0,5,5,"[(0, 0), (1, 0), (1, 1), (3, 5), (5, 1)]"

11.5*h**2 - 50.5*h + 89.0 for k >= 5,12.5*h**2 - 62.5*h + 125.0,5,5,"[(0, 0), (1, 0), (1, 1), (5, 5), (7, 3)]"

11.5*h**2 - 50.5*h + 89.0 for k >= 5,12.5*h**2 - 62.5*h + 125.0,5,5,"[(0, 1), (1, 0), (1, 1), (0, 5), (4, 4)]"

11.5*h**2 - 53.5*h + 101.0 for k >= 5,12.0*h**2 - 60.0*h + 122.0,4,6,"[(0, 0), (0, 1), (1, 0), (0, 6), (3, 5)]"

11.5*h**2 - 53.5*h + 101.0 for k >= 5,12.0*h**2 - 60.0*h + 122.0,4,6,"[(0, 0), (0, 1), (1, 0), (3, 5), (4, 0)]"

11.5*h**2 - 53.5*h + 101.0 for k >= 5,12.0*h**2 - 60.0*h + 122.0,4,6,"[(0, 0), (1, 0), (1, 1), (2, 4), (7, 5)]"

11.5*h**2 - 64.5*h + 148.0 for k >= 6,12.0*h**2 - 72.0*h + 176.0,3,8,"[(0, 0), (0, 1), (1, 0), (7, 2), (7, 4)]"

11.5*h**2 - 64.5*h + 148.0 for k >= 6,12.0*h**2 - 72.0*h + 176.0,3,8,"[(0, 0), (0, 1), (1, 1), (2, 3), (9, 3)]"

11.5*h**2 - 64.5*h + 148.0 for k >= 6,12.0*h**2 - 72.0*h + 176.0,3,8,"[(0, 0), (1, 0), (1, 1), (6, 9), (7, 8)]"

11.5*h**2 - 64.5*h + 148.0 for k >= 6,12.0*h**2 - 72.0*h + 176.0,3,8,"[(0, 0), (2, 1), (3, 2), (1, 4), (5, 6)]"

11.5*h**2 - 91.5*h + 261.0 for k >= 12,14.0*h**2 - 154.0*h + 651.0,2,14,"[(0, 0), (0, 1), (1, 0), (9, 5), (9, 6)]"

11.5*h**2 - 97.5*h + 331.0 for k >= 9,12.0*h**2 - 108.0*h + 386.0,2,12,"[(0, 0), (3, 2), (5, 3), (1, 3), (7, 2)]"

12.0*h**2 - 39.0*h - 55.0 for k >= 13,16.0*h**2 - 112.0*h + 296.0,4,8,"[(0, 2), (1, 0), (1, 1), (8, 1), (9, 2)]"

12.0*h**2 - 47.0*h + 47.0 for k >= 9,15.0*h**2 - 90.0*h + 205.0,5,6,"[(0, 0), (1, 0), (2, 1), (3, 5), (8, 9)]"

12.0*h**2 - 48.0*h + 56.0 for k >= 8,15.0*h**2 - 90.0*h + 205.0,5,6,"[(0, 0), (1, 1), (3, 2), (5, 2), (8, 8)]"

12.0*h**2 - 48.0*h + 56.0 for k >= 8,15.0*h**2 - 90.0*h + 205.0,5,6,"[(0, 1), (1, 0), (1, 1), (6, 5), (7, 8)]"

12.0*h**2 - 48.0*h + 56.0 for k >= 8,15.0*h**2 - 90.0*h + 205.0,5,6,"[(0, 2), (1, 0), (1, 1), (5, 2), (8, 0)]"

12.0*h**2 - 51.0*h + 62.0 for k >= 8,16.0*h**2 - 112.0*h + 296.0,4,8,"[(0, 0), (0, 1), (1, 1), (6, 8), (9, 9)]"

12.0*h**2 - 51.0*h + 75.0 for k >= 7,15.0*h**2 - 90.0*h + 205.0,5,6,"[(0, 0), (1, 1), (2, 1), (3, 6), (4, 0)]"

12.0*h**2 - 51.0*h + 77.0 for k >= 7,15.0*h**2 - 90.0*h + 205.0,5,6,"[(0, 0), (1, 0), (1, 1), (6, 3), (7, 7)]"

12.0*h**2 - 51.0*h + 77.0 for k >= 7,15.0*h**2 - 90.0*h + 205.0,5,6,"[(0, 0), (1, 1), (2, 1), (4, 0), (5, 6)]"

12.0*h**2 - 52.0*h + 82.0 for k >= 7,15.0*h**2 - 90.0*h + 205.0,5,6,"[(0, 0), (1, 0), (1, 1), (0, 4), (6, 0)]"

12.0*h**2 - 54.0*h + 95.0 for k >= 5,15.0*h**2 - 90.0*h + 205.0,5,6,"[(0, 0), (1, 0), (1, 1), (3, 6), (5, 3)]"

12.0*h**2 - 54.0*h + 95.0 for k >= 5,15.0*h**2 - 90.0*h + 205.0,5,6,"[(0, 0), (1, 0), (1, 1), (3, 9), (4, 6)]"

12.0*h**2 - 56.0*h + 104.0 for k >= 5,12.5*h**2 - 62.5*h + 125.0,5,5,"[(0, 0), (0, 1), (1, 0), (0, 5), (3, 9)]"

12.0*h**2 - 56.0*h + 104.0 for k >= 5,12.5*h**2 - 62.5*h + 125.0,5,5,"[(0, 0), (0, 1), (1, 1), (0, 5), (4, 8)]"

12.0*h**2 - 56.0*h + 104.0 for k >= 5,12.5*h**2 - 62.5*h + 125.0,5,5,"[(0, 0), (1, 0), (1, 1), (5, 5), (8, 4)]"

12.0*h**2 - 66.0*h + 127.0 for k >= 9,15.0*h**2 - 120.0*h + 370.0,3,10,"[(0, 0), (1, 1), (2, 1), (4, 7), (7, 9)]"

12.5*h**2 - 112.5*h + 365.0 for k >= 13,15.0*h**2 - 180.0*h + 820.0,2,15,"[(0, 0), (2, 1), (3, 2), (2, 6), (5, 3)]"

12.5*h**2 - 118.5*h + 441.0 for k >= 10,13.0*h**2 - 130.0*h + 507.0,2,13,"[(0, 0), (3, 2), (5, 3), (4, 0), (8, 0)]"

12.5*h**2 - 40.5*h - 30.0 for k >= 11,17.5*h**2 - 122.5*h + 315.0,5,7,"[(0, 1), (0, 2), (1, 0), (5, 4), (9, 5)]"

12.5*h**2 - 44.5*h + 2.0 for k >= 10,17.5*h**2 - 122.5*h + 315.0,5,7,"[(0, 0), (2, 1), (3, 2), (0, 3), (8, 0)]"

12.5*h**2 - 51.5*h + 62.0 for k >= 8,18.0*h**2 - 126.0*h + 321.0,6,6,"[(0, 0), (0, 1), (1, 0), (3, 3), (8, 1)]"

12.5*h**2 - 51.5*h + 62.0 for k >= 8,18.0*h**2 - 126.0*h + 321.0,6,6,"[(0, 0), (0, 1), (1, 1), (1, 9), (3, 6)]"

12.5*h**2 - 52.5*h + 36.0 for k >= 11,16.0*h**2 - 112.0*h + 296.0,4,8,"[(0, 0), (0, 1), (1, 0), (5, 8), (7, 9)]"

12.5*h**2 - 52.5*h + 36.0 for k >= 11,16.0*h**2 - 112.0*h + 296.0,4,8,"[(0, 0), (1, 0), (2, 1), (3, 9), (4, 8)]"

12.5*h**2 - 52.5*h + 60.0 for k >= 9,15.0*h**2 - 90.0*h + 205.0,5,6,"[(0, 0), (1, 1), (3, 2), (6, 9), (7, 8)]"

12.5*h**2 - 52.5*h + 62.0 for k >= 9,15.0*h**2 - 90.0*h + 205.0,5,6,"[(0, 0), (0, 1), (1, 0), (6, 5), (7, 8)]"

12.5*h**2 - 54.5*h + 77.0 for k >= 8,15.0*h**2 - 90.0*h + 205.0,5,6,"[(0, 1), (0, 2), (1, 0), (4, 3), (7, 1)]"

12.5*h**2 - 56.5*h + 92.0 for k >= 7,15.0*h**2 - 90.0*h + 205.0,5,6,"[(0, 0), (0, 1), (1, 0), (4, 1), (5, 6)]"

12.5*h**2 - 56.5*h + 92.0 for k >= 7,15.0*h**2 - 90.0*h + 205.0,5,6,"[(0, 0), (2, 1), (3, 2), (1, 4), (6, 6)]"

12.5*h**2 - 56.5*h + 92.0 for k >= 7,15.0*h**2 - 90.0*h + 205.0,5,6,"[(0, 1), (1, 0), (1, 1), (4, 5), (8, 6)]"

12.5*h**2 - 58.5*h + 103.0 for k >= 7,15.0*h**2 - 90.0*h + 205.0,5,6,"[(0, 0), (1, 1), (2, 1), (6, 6), (9, 5)]"

12.5*h**2 - 58.5*h + 90.0 for k >= 8,16.0*h**2 - 112.0*h + 296.0,4,8,"[(0, 0), (1, 0), (2, 1), (6, 9), (7, 8)]"

12.5*h**2 - 64.5*h + 132.0 for k >= 6,14.0*h**2 - 84.0*h + 196.0,4,7,"[(0, 0), (1, 0), (1, 1), (0, 6), (3, 7)]"

12.5*h**2 - 64.5*h + 132.0 for k >= 6,14.0*h**2 - 84.0*h + 196.0,4,7,"[(0, 0), (1, 0), (1, 1), (2, 8), (4, 7)]"

12.5*h**2 - 78.5*h + 197.0 for k >= 7,13.5*h**2 - 94.5*h + 261.0,3,9,"[(0, 0), (1, 0), (1, 1), (9, 7), (9, 9)]"

12.5*h**2 - 78.5*h + 197.0 for k >= 7,13.5*h**2 - 94.5*h + 261.0,3,9,"[(0, 1), (0, 2), (1, 0), (1, 8), (3, 4)]"

12.5*h**2 - 88.5*h + 1.0 for k >= 16,18.0*h**2 - 270.0*h + 1497.0,2,18,"[(0, 1), (0, 2), (1, 0), (7, 5), (7, 6)]"

13.0*h**2 - 114.0*h + 281.0 for k >= 15,17.0*h**2 - 238.0*h + 1241.0,2,17,"[(0, 0), (1, 1), (2, 1), (1, 9), (3, 2)]"

13.0*h**2 - 64.0*h + 102.0 for k >= 9,16.0*h**2 - 112.0*h + 296.0,4,8,"[(0, 1), (1, 0), (1, 1), (3, 6), (7, 9)]"

13.0*h**2 - 65.0*h + 111.0 for k >= 8,16.0*h**2 - 112.0*h + 296.0,4,8,"[(0, 0), (0, 1), (1, 1), (4, 8), (7, 9)]"

13.0*h**2 - 66.0*h + 119.0 for k >= 8,16.0*h**2 - 112.0*h + 296.0,4,8,"[(0, 0), (1, 0), (1, 1), (4, 2), (6, 9)]"

13.0*h**2 - 66.0*h + 131.0 for k >= 6,15.0*h**2 - 90.0*h + 205.0,5,6,"[(0, 0), (1, 0), (1, 1), (5, 0), (6, 5)]"

13.0*h**2 - 66.0*h + 131.0 for k >= 6,15.0*h**2 - 90.0*h + 205.0,5,6,"[(0, 0), (1, 0), (1, 1), (6, 0), (6, 4)]"

13.0*h**2 - 66.0*h + 131.0 for k >= 6,15.0*h**2 - 90.0*h + 205.0,5,6,"[(0, 0), (1, 0), (2, 1), (4, 4), (8, 2)]"

13.0*h**2 - 66.0*h + 131.0 for k >= 6,15.0*h**2 - 90.0*h + 205.0,5,6,"[(0, 1), (1, 0), (1, 1), (4, 3), (4, 8)]"

13.0*h**2 - 70.0*h + 147.0 for k >= 6,14.0*h**2 - 84.0*h + 196.0,4,7,"[(0, 0), (0, 1), (1, 1), (2, 4), (7, 2)]"

13.0*h**2 - 70.0*h + 147.0 for k >= 6,14.0*h**2 - 84.0*h + 196.0,4,7,"[(0, 0), (1, 0), (1, 1), (2, 4), (7, 2)]"

13.0*h**2 - 70.0*h + 147.0 for k >= 6,14.0*h**2 - 84.0*h + 196.0,4,7,"[(0, 0), (3, 2), (5, 3), (9, 2), (9, 4)]"

13.0*h**2 - 70.0*h + 147.0 for k >= 6,14.0*h**2 - 84.0*h + 196.0,4,7,"[(0, 1), (1, 0), (1, 1), (3, 6), (4, 0)]"

13.0*h**2 - 84.0*h + 208.0 for k >= 9,15.0*h**2 - 120.0*h + 370.0,3,10,"[(0, 1), (1, 0), (1, 1), (5, 7), (6, 5)]"

13.0*h**2 - 86.0*h + 225.0 for k >= 7,13.5*h**2 - 94.5*h + 261.0,3,9,"[(0, 0), (0, 1), (1, 0), (0, 3), (8, 2)]"

13.0*h**2 - 86.0*h + 225.0 for k >= 7,13.5*h**2 - 94.5*h + 261.0,3,9,"[(0, 0), (0, 1), (1, 1), (1, 3), (9, 2)]"

13.5*h**2 - 64.5*h + 102.0 for k >= 8,17.5*h**2 - 122.5*h + 315.0,5,7,"[(0, 0), (0, 1), (1, 0), (3, 4), (7, 2)]"

13.5*h**2 - 64.5*h + 102.0 for k >= 8,17.5*h**2 - 122.5*h + 315.0,5,7,"[(0, 0), (0, 1), (1, 1), (3, 5), (9, 7)]"

13.5*h**2 - 70.5*h + 141.0 for k >= 6,15.0*h**2 - 90.0*h + 205.0,5,6,"[(0, 0), (1, 0), (1, 1), (0, 7), (3, 6)]"

13.5*h**2 - 70.5*h + 141.0 for k >= 6,15.0*h**2 - 90.0*h + 205.0,5,6,"[(0, 0), (1, 0), (1, 1), (4, 5), (9, 6)]"

13.5*h**2 - 73.5*h + 147.0 for k >= 8,16.0*h**2 - 112.0*h + 296.0,4,8,"[(0, 0), (1, 0), (1, 1), (4, 1), (6, 8)]"

13.5*h**2 - 73.5*h + 147.0 for k >= 8,16.0*h**2 - 112.0*h + 296.0,4,8,"[(0, 1), (1, 0), (1, 1), (1, 9), (3, 6)]"

13.5*h**2 - 88.5*h + 204.0 for k >= 11,15.0*h**2 - 120.0*h + 370.0,3,10,"[(0, 0), (1, 0), (2, 1), (0, 6), (2, 8)]"

14.0*h**2 - 105.0*h - 189.0 for k >= 19,0,2,0,"[(0, 2), (1, 0), (1, 1), (0, 3), (7, 9)]"

14.0*h**2 - 56.0*h + 20.0 for k >= 9,21.0*h**2 - 168.0*h + 476.0,6,7,"[(0, 0), (1, 1), (3, 2), (1, 8), (3, 5)]"

14.0*h**2 - 68.0*h + 96.0 for k >= 10,17.5*h**2 - 122.5*h + 315.0,5,7,"[(0, 2), (1, 0), (1, 1), (5, 4), (7, 8)]"

14.0*h**2 - 75.0*h + 127.0 for k >= 9,18.0*h**2 - 144.0*h + 426.0,4,9,"[(0, 1), (0, 2), (1, 0), (1, 9), (3, 8)]"

14.0*h**2 - 76.0*h + 156.0 for k >= 6,15.0*h**2 - 90.0*h + 205.0,5,6,"[(0, 0), (1, 1), (2, 1), (2, 5), (7, 9)]"

14.0*h**2 - 76.0*h + 156.0 for k >= 6,15.0*h**2 - 90.0*h + 205.0,5,6,"[(0, 0), (1, 1), (2, 1), (7, 2), (8, 6)]"

14.0*h**2 - 76.0*h + 156.0 for k >= 6,15.0*h**2 - 90.0*h + 205.0,5,6,"[(0, 0), (3, 2), (5, 3), (3, 7), (5, 4)]"

14.0*h**2 - 76.0*h + 156.0 for k >= 6,15.0*h**2 - 90.0*h + 205.0,5,6,"[(0, 1), (1, 0), (1, 1), (2, 4), (8, 5)]"

14.0*h**2 - 76.0*h + 156.0 for k >= 6,15.0*h**2 - 90.0*h + 205.0,5,6,"[(0, 1), (1, 0), (1, 1), (3, 4), (9, 5)]"

14.0*h**2 - 76.0*h + 156.0 for k >= 6,15.0*h**2 - 90.0*h + 205.0,5,6,"[(0, 1), (1, 0), (1, 1), (4, 5), (8, 5)]"

14.0*h**2 - 81.0*h + 175.0 for k >= 8,16.0*h**2 - 112.0*h + 296.0,4,8,"[(0, 0), (1, 1), (2, 1), (2, 5), (7, 8)]"

14.0*h**2 - 94.0*h + 207.0 for k >= 12,16.5*h**2 - 148.5*h + 506.0,3,11,"[(0, 1), (1, 0), (1, 1), (3, 0), (8, 7)]"

14.5*h**2 - 108.5*h + 306.0 for k >= 10,16.5*h**2 - 148.5*h + 506.0,3,11,"[(0, 0), (1, 1), (2, 1), (0, 6), (3, 7)]"

14.5*h**2 - 66.5*h + 57.0 for k >= 10,20.0*h**2 - 160.0*h + 460.0,5,8,"[(0, 2), (1, 0), (1, 1), (2, 9), (4, 9)]"

14.5*h**2 - 74.5*h + 121.0 for k >= 9,17.5*h**2 - 122.5*h + 315.0,5,7,"[(0, 0), (0, 1), (1, 0), (4, 7), (7, 8)]"

14.5*h**2 - 77.5*h + 145.0 for k >= 8,17.5*h**2 - 122.5*h + 315.0,5,7,"[(0, 0), (1, 0), (2, 1), (5, 8), (7, 7)]"

14.5*h**2 - 80.5*h + 166.0 for k >= 6,17.5*h**2 - 122.5*h + 315.0,5,7,"[(0, 0), (1, 1), (3, 2), (9, 4), (9, 7)]"

14.5*h**2 - 82.5*h + 1.0 for k >= 13,21.0*h**2 - 252.0*h + 1106.0,3,14,"[(0, 1), (0, 2), (1, 0), (2, 0), (6, 9)]"

14.5*h**2 - 82.5*h + 155.0 for k >= 9,18.0*h**2 - 144.0*h + 426.0,4,9,"[(0, 0), (0, 1), (1, 0), (5, 4), (8, 2)]"

14.5*h**2 - 82.5*h + 177.0 for k >= 6,15.0*h**2 - 90.0*h + 205.0,5,6,"[(0, 0), (0, 1), (1, 0), (4, 5), (8, 5)]"

14.5*h**2 - 82.5*h + 177.0 for k >= 6,15.0*h**2 - 90.0*h + 205.0,5,6,"[(0, 0), (1, 0), (1, 1), (0, 4), (5, 9)]"

14.5*h**2 - 82.5*h + 177.0 for k >= 6,15.0*h**2 - 90.0*h + 205.0,5,6,"[(0, 1), (0, 2), (1, 0), (4, 2), (4, 7)]"

14.5*h**2 - 89.5*h + 211.0 for k >= 7,16.0*h**2 - 112.0*h + 296.0,4,8,"[(0, 0), (0, 1), (1, 0), (7, 1), (7, 4)]"

14.5*h**2 - 89.5*h + 211.0 for k >= 7,16.0*h**2 - 112.0*h + 296.0,4,8,"[(0, 0), (0, 1), (1, 1), (4, 2), (7, 9)]"

14.5*h**2 - 89.5*h + 211.0 for k >= 7,16.0*h**2 - 112.0*h + 296.0,4,8,"[(0, 0), (1, 0), (1, 1), (2, 4), (8, 3)]"

14.5*h**2 - 89.5*h + 211.0 for k >= 7,16.0*h**2 - 112.0*h + 296.0,4,8,"[(0, 0), (1, 1), (2, 1), (5, 1), (6, 7)]"

15.0*h**2 - 118.0*h + 351.0 for k >= 10,16.5*h**2 - 148.5*h + 506.0,3,11,"[(0, 1), (1, 0), (1, 1), (9, 4), (9, 6)]"

15.0*h**2 - 70.0*h + 65.0 for k >= 10,21.0*h**2 - 168.0*h + 476.0,6,7,"[(0, 0), (2, 1), (3, 2), (0, 3), (2, 9)]"

15.0*h**2 - 82.0*h + 149.0 for k >= 9,17.5*h**2 - 122.5*h + 315.0,5,7,"[(0, 1), (0, 2), (1, 0), (2, 7), (5, 8)]"

15.0*h**2 - 84.0*h + 115.0 for k >= 13,18.0*h**2 - 144.0*h + 426.0,4,9,"[(0, 1), (0, 2), (1, 0), (5, 6), (5, 9)]"

15.0*h**2 - 84.0*h + 172.0 for k >= 6,18.0*h**2 - 126.0*h + 321.0,6,6,"[(0, 0), (1, 0), (1, 1), (4, 7), (6, 4)]"

15.0*h**2 - 84.0*h + 172.0 for k >= 6,18.0*h**2 - 126.0*h + 321.0,6,6,"[(0, 0), (1, 0), (2, 1), (8, 6), (8, 9)]"

15.0*h**2 - 84.0*h + 172.0 for k >= 6,18.0*h**2 - 126.0*h + 321.0,6,6,"[(0, 0), (3, 2), (5, 3), (5, 0), (8, 6)]"

15.0*h**2 - 96.0*h + 232.0 for k >= 7,16.0*h**2 - 112.0*h + 296.0,4,8,"[(0, 0), (1, 0), (1, 1), (2, 4), (9, 6)]"

15.0*h**2 - 96.0*h + 232.0 for k >= 7,16.0*h**2 - 112.0*h + 296.0,4,8,"[(0, 0), (1, 0), (1, 1), (8, 6), (8, 9)]"

15.0*h**2 - 96.0*h + 232.0 for k >= 7,16.0*h**2 - 112.0*h + 296.0,4,8,"[(0, 0), (1, 1), (2, 1), (2, 7), (5, 7)]"

15.5*h**2 - 103.5*h + 260.0 for k >= 7,16.0*h**2 - 112.0*h + 296.0,4,8,"[(0, 0), (0, 1), (1, 1), (4, 3), (9, 0)]"

15.5*h**2 - 103.5*h + 260.0 for k >= 7,16.0*h**2 - 112.0*h + 296.0,4,8,"[(0, 0), (1, 0), (1, 1), (0, 3), (8, 7)]"

15.5*h**2 - 103.5*h + 260.0 for k >= 7,16.0*h**2 - 112.0*h + 296.0,4,8,"[(0, 1), (1, 0), (1, 1), (0, 8), (3, 8)]"

15.5*h**2 - 128.5*h + 406.0 for k >= 9,16.5*h**2 - 148.5*h + 506.0,3,11,"[(0, 0), (1, 1), (2, 1), (4, 1), (5, 9)]"

15.5*h**2 - 193.5*h + 911.0 for k >= 13,16.0*h**2 - 208.0*h + 1016.0,2,16,"[(0, 1), (0, 2), (1, 0), (6, 5), (7, 3)]"

15.5*h**2 - 89.5*h + 185.0 for k >= 8,18.0*h**2 - 126.0*h + 321.0,6,6,"[(0, 0), (0, 1), (1, 0), (1, 6), (5, 7)]"

15.5*h**2 - 92.5*h + 202.0 for k >= 6,17.5*h**2 - 122.5*h + 315.0,5,7,"[(0, 0), (0, 1), (1, 1), (5, 3), (7, 9)]"

15.5*h**2 - 93.5*h + 211.0 for k >= 7,18.0*h**2 - 126.0*h + 321.0,6,6,"[(0, 0), (0, 1), (1, 0), (1, 5), (6, 0)]"

15.5*h**2 - 94.5*h + 215.0 for k >= 7,17.5*h**2 - 122.5*h + 315.0,5,7,"[(0, 0), (1, 1), (2, 1), (1, 4), (8, 7)]"

15.5*h**2 - 94.5*h + 215.0 for k >= 7,17.5*h**2 - 122.5*h + 315.0,5,7,"[(0, 1), (1, 0), (1, 1), (2, 6), (6, 6)]"

16.0*h**2 - 100.0*h + 230.0 for k >= 7,17.5*h**2 - 122.5*h + 315.0,5,7,"[(0, 0), (1, 0), (1, 1), (2, 5), (7, 3)]"

16.0*h**2 - 100.0*h + 230.0 for k >= 7,17.5*h**2 - 122.5*h + 315.0,5,7,"[(0, 0), (1, 0), (1, 1), (2, 7), (5, 3)]"

16.0*h**2 - 100.0*h + 230.0 for k >= 7,17.5*h**2 - 122.5*h + 315.0,5,7,"[(0, 0), (1, 0), (1, 1), (7, 0), (8, 4)]"

16.0*h**2 - 100.0*h + 230.0 for k >= 7,17.5*h**2 - 122.5*h + 315.0,5,7,"[(0, 0), (1, 1), (2, 1), (8, 7), (9, 4)]"

16.0*h**2 - 109.0*h + 272.0 for k >= 9,18.0*h**2 - 144.0*h + 426.0,4,9,"[(0, 0), (1, 0), (1, 1), (0, 3), (9, 5)]"

16.0*h**2 - 110.0*h + 281.0 for k >= 7,18.0*h**2 - 144.0*h + 426.0,4,9,"[(0, 0), (1, 0), (1, 1), (8, 9), (9, 7)]"

16.0*h**2 - 199.0*h + 868.0 for k >= 17,19.0*h**2 - 304.0*h + 1786.0,2,19,"[(0, 0), (2, 1), (3, 2), (1, 7), (3, 8)]"

16.0*h**2 - 88.0*h + 134.0 for k >= 10,20.0*h**2 - 160.0*h + 460.0,5,8,"[(0, 1), (0, 2), (1, 0), (3, 0), (6, 7)]"

16.0*h**2 - 90.0*h + 165.0 for k >= 9,21.0*h**2 - 168.0*h + 476.0,6,7,"[(0, 0), (1, 1), (2, 1), (6, 8), (8, 6)]"

16.0*h**2 - 93.0*h + 176.0 for k >= 9,20.0*h**2 - 160.0*h + 460.0,5,8,"[(0, 0), (3, 2), (5, 3), (6, 7), (8, 4)]"

16.0*h**2 - 96.0*h + 200.0 for k >= 9,20.0*h**2 - 160.0*h + 460.0,5,8,"[(0, 0), (0, 1), (1, 1), (0, 8), (4, 0)]"

16.0*h**2 - 98.0*h + 221.0 for k >= 7,18.0*h**2 - 126.0*h + 321.0,6,6,"[(0, 0), (1, 1), (2, 1), (3, 5), (7, 1)]"

16.5*h**2 - 100.5*h + 218.0 for k >= 6,21.0*h**2 - 168.0*h + 476.0,6,7,"[(0, 0), (0, 1), (1, 1), (3, 6), (7, 4)]"

16.5*h**2 - 102.5*h + 221.0 for k >= 9,20.0*h**2 - 160.0*h + 460.0,5,8,"[(0, 0), (1, 0), (1, 1), (5, 1), (9, 8)]"

16.5*h**2 - 106.5*h + 251.0 for k >= 7,17.5*h**2 - 122.5*h + 315.0,5,7,"[(0, 0), (0, 1), (1, 1), (6, 0), (9, 4)]"

16.5*h**2 - 106.5*h + 251.0 for k >= 7,17.5*h**2 - 122.5*h + 315.0,5,7,"[(0, 1), (1, 0), (1, 1), (2, 6), (6, 4)]"

16.5*h**2 - 115.5*h + 290.0 for k >= 10,18.0*h**2 - 144.0*h + 426.0,4,9,"[(0, 0), (0, 1), (1, 0), (7, 5), (7, 8)]"

16.5*h**2 - 118.5*h + 317.0 for k >= 8,18.0*h**2 - 144.0*h + 426.0,4,9,"[(0, 0), (0, 1), (1, 1), (3, 0), (9, 8)]"

16.5*h**2 - 118.5*h + 317.0 for k >= 8,18.0*h**2 - 144.0*h + 426.0,4,9,"[(0, 0), (1, 0), (1, 1), (0, 3), (8, 9)]"

16.5*h**2 - 146.5*h + 485.0 for k >= 11,18.0*h**2 - 180.0*h + 672.0,3,12,"[(0, 1), (1, 0), (1, 1), (8, 6), (9, 4)]"

16.5*h**2 - 180.5*h + 309.0 for k >= 21,0,2,0,"[(0, 3), (1, 2), (2, 0), (5, 7), (6, 6)]"

16.5*h**2 - 210.5*h + 913.0 for k >= 18,20.0*h**2 - 340.0*h + 2110.0,2,20,"[(0, 0), (3, 2), (5, 3), (0, 4), (8, 5)]"

16.5*h**2 - 94.5*h + 173.0 for k >= 9,21.0*h**2 - 168.0*h + 476.0,6,7,"[(0, 0), (3, 2), (5, 3), (3, 6), (7, 3)]"

17.0*h**2 - 114.0*h + 216.0 for k >= 14,20.0*h**2 - 180.0*h + 590.0,4,10,"[(0, 2), (1, 0), (1, 1), (6, 6), (6, 9)]"

17.0*h**2 - 126.0*h + 345.0 for k >= 8,18.0*h**2 - 144.0*h + 426.0,4,9,"[(0, 0), (0, 1), (1, 0), (0, 9), (3, 7)]"

17.0*h**2 - 126.0*h + 345.0 for k >= 8,18.0*h**2 - 144.0*h + 426.0,4,9,"[(0, 0), (0, 1), (1, 1), (1, 4), (9, 3)]"

17.0*h**2 - 138.0*h + 295.0 for k >= 14,22.5*h**2 - 292.5*h + 1380.0,3,15,"[(0, 0), (1, 1), (3, 2), (6, 9), (7, 5)]"

17.0*h**2 - 156.0*h + 528.0 for k >= 12,18.0*h**2 - 180.0*h + 672.0,3,12,"[(0, 2), (1, 0), (1, 1), (5, 6), (7, 4)]"

17.0*h**2 - 158.0*h + 551.0 for k >= 10,18.0*h**2 - 180.0*h + 672.0,3,12,"[(0, 0), (1, 0), (2, 1), (1, 6), (5, 8)]"

17.0*h**2 - 158.0*h + 551.0 for k >= 10,18.0*h**2 - 180.0*h + 672.0,3,12,"[(0, 0), (1, 0), (2, 1), (3, 8), (5, 3)]"

17.5*h**2 - 111.5*h + 241.0 for k >= 9,21.0*h**2 - 168.0*h + 476.0,6,7,"[(0, 0), (1, 1), (2, 1), (0, 8), (3, 7)]"

17.5*h**2 - 112.5*h + 250.0 for k >= 9,21.0*h**2 - 168.0*h + 476.0,6,7,"[(0, 1), (1, 0), (1, 1), (1, 7), (5, 9)]"

17.5*h**2 - 116.5*h + 270.0 for k >= 9,20.0*h**2 - 160.0*h + 460.0,5,8,"[(0, 0), (0, 1), (1, 1), (2, 5), (9, 6)]"

17.5*h**2 - 116.5*h + 270.0 for k >= 9,20.0*h**2 - 160.0*h + 460.0,5,8,"[(0, 0), (2, 1), (3, 2), (6, 1), (7, 7)]"

17.5*h**2 - 117.5*h + 285.0 for k >= 7,18.0*h**2 - 126.0*h + 321.0,6,6,"[(0, 0), (5, 3), (8, 5), (6, 3), (7, 0)]"

18.0*h**2 - 118.0*h + 265.0 for k >= 9,21.0*h**2 - 168.0*h + 476.0,6,7,"[(0, 0), (1, 0), (1, 1), (6, 2), (7, 8)]"

18.0*h**2 - 120.0*h + 262.0 for k >= 10,22.5*h**2 - 202.5*h + 645.0,5,9,"[(0, 0), (1, 0), (1, 1), (0, 4), (9, 0)]"

18.0*h**2 - 120.0*h + 282.0 for k >= 7,21.0*h**2 - 168.0*h + 476.0,6,7,"[(0, 0), (2, 1), (3, 2), (5, 1), (9, 9)]"

18.0*h**2 - 121.0*h + 286.0 for k >= 9,21.0*h**2 - 168.0*h + 476.0,6,7,"[(0, 0), (1, 0), (2, 1), (0, 5), (7, 1)]"

18.0*h**2 - 124.0*h + 298.0 for k >= 9,20.0*h**2 - 160.0*h + 460.0,5,8,"[(0, 0), (0, 1), (1, 0), (5, 5), (7, 1)]"

18.0*h**2 - 126.0*h + 315.0 for k >= 7,20.0*h**2 - 160.0*h + 460.0,5,8,"[(0, 0), (1, 0), (1, 1), (7, 9), (8, 6)]"

18.0*h**2 - 128.0*h + 330.0 for k >= 8,20.0*h**2 - 160.0*h + 460.0,5,8,"[(0, 1), (0, 2), (1, 0), (2, 5), (8, 7)]"

18.0*h**2 - 141.0*h + 399.0 for k >= 10,20.0*h**2 - 180.0*h + 590.0,4,10,"[(0, 0), (0, 1), (1, 0), (4, 8), (7, 8)]"

18.0*h**2 - 141.0*h + 399.0 for k >= 10,20.0*h**2 - 180.0*h + 590.0,4,10,"[(0, 1), (1, 0), (1, 1), (0, 4), (8, 5)]"

18.0*h**2 - 178.0*h + 649.0 for k >= 12,19.5*h**2 - 214.5*h + 871.0,3,13,"[(0, 0), (2, 1), (3, 2), (3, 7), (7, 9)]"

18.5*h**2 - 124.5*h + 286.0 for k >= 9,21.0*h**2 - 168.0*h + 476.0,6,7,"[(0, 0), (0, 1), (1, 0), (6, 3), (7, 8)]"

18.5*h**2 - 124.5*h + 292.0 for k >= 7,24.5*h**2 - 220.5*h + 686.0,7,7,"[(0, 0), (2, 1), (3, 2), (3, 8), (5, 1)]"

18.5*h**2 - 130.5*h + 331.0 for k >= 8,21.0*h**2 - 168.0*h + 476.0,6,7,"[(0, 0), (0, 1), (1, 0), (0, 7), (5, 2)]"

18.5*h**2 - 130.5*h + 331.0 for k >= 8,21.0*h**2 - 168.0*h + 476.0,6,7,"[(0, 0), (0, 1), (1, 1), (5, 0), (7, 6)]"

18.5*h**2 - 130.5*h + 331.0 for k >= 8,21.0*h**2 - 168.0*h + 476.0,6,7,"[(0, 0), (1, 0), (1, 1), (0, 5), (7, 2)]"

18.5*h**2 - 130.5*h + 331.0 for k >= 8,21.0*h**2 - 168.0*h + 476.0,6,7,"[(0, 0), (1, 0), (1, 1), (7, 1), (7, 6)]"

18.5*h**2 - 134.5*h + 351.0 for k >= 8,20.0*h**2 - 160.0*h + 460.0,5,8,"[(0, 0), (1, 0), (1, 1), (2, 5), (9, 8)]"

18.5*h**2 - 162.5*h + 309.0 for k >= 19,22.5*h**2 - 292.5*h + 1380.0,3,15,"[(0, 0), (1, 1), (3, 2), (0, 7), (2, 9)]"

18.5*h**2 - 190.5*h + 727.0 for k >= 11,19.5*h**2 - 214.5*h + 871.0,3,13,"[(0, 1), (0, 2), (1, 0), (4, 6), (9, 8)]"

19.0*h**2 - 124.0*h + 256.0 for k >= 10,24.5*h**2 - 220.5*h + 686.0,7,7,"[(0, 0), (1, 1), (3, 2), (4, 6), (9, 4)]"

19.0*h**2 - 134.0*h + 331.0 for k >= 7,21.0*h**2 - 168.0*h + 476.0,6,7,"[(0, 0), (1, 0), (1, 1), (3, 6), (7, 2)]"

19.0*h**2 - 134.0*h + 331.0 for k >= 7,21.0*h**2 - 168.0*h + 476.0,6,7,"[(0, 0), (1, 0), (1, 1), (3, 6), (9, 8)]"

19.0*h**2 - 134.0*h + 331.0 for k >= 7,21.0*h**2 - 168.0*h + 476.0,6,7,"[(0, 0), (1, 0), (2, 1), (0, 4), (8, 6)]"

19.0*h**2 - 134.0*h + 331.0 for k >= 7,21.0*h**2 - 168.0*h + 476.0,6,7,"[(0, 0), (1, 1), (2, 1), (9, 3), (9, 7)]"

19.0*h**2 - 136.0*h + 328.0 for k >= 10,22.5*h**2 - 202.5*h + 645.0,5,9,"[(0, 0), (1, 1), (2, 1), (4, 7), (8, 5)]"

19.0*h**2 - 136.0*h + 346.0 for k >= 8,21.0*h**2 - 168.0*h + 476.0,6,7,"[(0, 0), (1, 1), (2, 1), (2, 5), (8, 1)]"

19.0*h**2 - 142.0*h + 379.0 for k >= 8,20.0*h**2 - 160.0*h + 460.0,5,8,"[(0, 0), (5, 3), (8, 5), (2, 4), (8, 3)]"

19.0*h**2 - 160.0*h + 490.0 for k >= 9,20.0*h**2 - 180.0*h + 590.0,4,10,"[(0, 0), (1, 1), (2, 1), (4, 8), (8, 9)]"

19.0*h**2 - 160.0*h + 490.0 for k >= 9,20.0*h**2 - 180.0*h + 590.0,4,10,"[(0, 2), (1, 0), (1, 1), (3, 6), (6, 1)]"

20.5*h**2 - 152.5*h + 392.0 for k >= 8,24.5*h**2 - 220.5*h + 686.0,7,7,"[(0, 0), (1, 0), (1, 1), (4, 7), (8, 5)]"

20.5*h**2 - 158.5*h + 431.0 for k >= 8,21.0*h**2 - 168.0*h + 476.0,6,7,"[(0, 0), (1, 0), (1, 1), (2, 8), (6, 7)]"

20.5*h**2 - 158.5*h + 431.0 for k >= 8,21.0*h**2 - 168.0*h + 476.0,6,7,"[(0, 0), (1, 0), (2, 1), (2, 6), (8, 7)]"

20.5*h**2 - 188.5*h + 626.0 for k >= 10,22.0*h**2 - 220.0*h + 792.0,4,11,"[(0, 3), (1, 2), (2, 0), (0, 9), (5, 1)]"

20.5*h**2 - 206.5*h + 485.0 for k >= 21,24.0*h**2 - 336.0*h + 1696.0,3,16,"[(0, 2), (1, 0), (1, 1), (0, 4), (9, 7)]"

21.0*h**2 - 158.0*h + 401.0 for k >= 10,24.5*h**2 - 220.5*h + 686.0,7,7,"[(0, 0), (1, 0), (1, 1), (7, 5), (8, 0)]"

21.0*h**2 - 162.0*h + 431.0 for k >= 10,24.5*h**2 - 220.5*h + 686.0,7,7,"[(0, 0), (1, 1), (2, 1), (4, 8), (8, 7)]"

21.0*h**2 - 162.0*h + 431.0 for k >= 10,24.5*h**2 - 220.5*h + 686.0,7,7,"[(0, 1), (1, 0), (1, 1), (7, 1), (8, 6)]"

21.0*h**2 - 162.0*h + 431.0 for k >= 8,24.0*h**2 - 216.0*h + 676.0,6,8,"[(0, 1), (1, 0), (1, 1), (4, 8), (6, 3)]"

21.0*h**2 - 170.0*h + 471.0 for k >= 11,25.0*h**2 - 250.0*h + 875.0,5,10,"[(0, 0), (1, 1), (2, 1), (8, 9), (9, 5)]"

21.0*h**2 - 174.0*h + 509.0 for k >= 9,22.5*h**2 - 202.5*h + 645.0,5,9,"[(0, 0), (1, 0), (1, 1), (0, 4), (9, 6)]"

21.0*h**2 - 174.0*h + 509.0 for k >= 9,22.5*h**2 - 202.5*h + 645.0,5,9,"[(0, 0), (1, 0), (1, 1), (4, 5), (9, 1)]"

21.0*h**2 - 174.0*h + 509.0 for k >= 9,22.5*h**2 - 202.5*h + 645.0,5,9,"[(0, 0), (1, 0), (1, 1), (4, 9), (5, 1)]"

21.0*h**2 - 174.0*h + 509.0 for k >= 9,22.5*h**2 - 202.5*h + 645.0,5,9,"[(0, 0), (1, 1), (2, 1), (0, 7), (6, 1)]"

21.5*h**2 - 150.5*h + 183.0 for k >= 15,27.5*h**2 - 302.5*h + 1155.0,5,11,"[(0, 0), (1, 1), (3, 2), (1, 9), (5, 2)]"

21.5*h**2 - 154.5*h + 339.0 for k >= 11,28.0*h**2 - 280.0*h + 952.0,7,8,"[(0, 5), (1, 3), (3, 0), (1, 0), (6, 6)]"

21.5*h**2 - 166.5*h + 441.0 for k >= 8,24.5*h**2 - 220.5*h + 686.0,7,7,"[(0, 0), (1, 0), (1, 1), (0, 9), (4, 7)]"

21.5*h**2 - 167.5*h + 446.0 for k >= 10,24.5*h**2 - 220.5*h + 686.0,7,7,"[(0, 1), (0, 2), (1, 0), (1, 6), (7, 5)]"

21.5*h**2 - 173.5*h + 491.0 for k >= 9,24.0*h**2 - 216.0*h + 676.0,6,8,"[(0, 0), (1, 0), (1, 1), (0, 5), (8, 3)]"

21.5*h**2 - 202.5*h + 657.0 for k >= 13,24.0*h**2 - 264.0*h + 1036.0,4,12,"[(0, 0), (0, 1), (1, 0), (8, 7), (9, 4)]"

21.5*h**2 - 205.5*h + 693.0 for k >= 12,24.0*h**2 - 264.0*h + 1036.0,4,12,"[(0, 1), (1, 0), (1, 1), (5, 9), (7, 6)]"

21.5*h**2 - 244.5*h + 868.0 for k >= 17,27.0*h**2 - 432.0*h + 2466.0,3,18,"[(0, 1), (0, 2), (1, 0), (7, 6), (8, 3)]"

21.5*h**2 - 397.5*h + 2661.0 for k >= 19,0,2,0,"[(0, 1), (0, 2), (1, 0), (8, 7), (9, 5)]"

22.0*h**2 - 164.0*h + 384.0 for k >= 11,28.0*h**2 - 280.0*h + 952.0,7,8,"[(0, 0), (1, 1), (3, 2), (7, 8), (9, 4)]"

22.0*h**2 - 178.0*h + 501.0 for k >= 9,24.5*h**2 - 220.5*h + 686.0,7,7,"[(0, 0), (0, 1), (1, 0), (2, 6), (7, 0)]"

22.0*h**2 - 178.0*h + 501.0 for k >= 9,24.5*h**2 - 220.5*h + 686.0,7,7,"[(0, 0), (0, 1), (1, 1), (0, 7), (6, 8)]"

22.0*h**2 - 180.0*h + 512.0 for k >= 9,24.0*h**2 - 216.0*h + 676.0,6,8,"[(0, 0), (0, 1), (1, 0), (0, 6), (6, 8)]"

22.0*h**2 - 180.0*h + 512.0 for k >= 9,24.0*h**2 - 216.0*h + 676.0,6,8,"[(0, 0), (0, 1), (1, 1), (8, 4), (9, 0)]"

22.0*h**2 - 180.0*h + 512.0 for k >= 9,24.0*h**2 - 216.0*h + 676.0,6,8,"[(0, 0), (1, 0), (1, 1), (0, 7), (6, 2)]"

22.0*h**2 - 192.0*h + 590.0 for k >= 9,22.5*h**2 - 202.5*h + 645.0,5,9,"[(0, 0), (0, 1), (1, 0), (4, 8), (5, 0)]"

22.0*h**2 - 192.0*h + 590.0 for k >= 9,22.5*h**2 - 202.5*h + 645.0,5,9,"[(0, 0), (1, 1), (2, 1), (4, 8), (6, 1)]"

22.0*h**2 - 192.0*h + 590.0 for k >= 9,22.5*h**2 - 202.5*h + 645.0,5,9,"[(0, 5), (1, 3), (3, 0), (0, 2), (7, 5)]"

22.0*h**2 - 262.0*h + 1021.0 for k >= 17,27.0*h**2 - 432.0*h + 2466.0,3,18,"[(0, 3), (1, 2), (2, 0), (4, 6), (7, 2)]"

22.0*h**2 - 278.0*h + 1275.0 for k >= 13,22.5*h**2 - 292.5*h + 1380.0,3,15,"[(0, 0), (3, 2), (5, 3), (2, 6), (9, 5)]"

22.0*h**2 - 337.0*h + 726.0 for k >= 29,0,2,0,"[(0, 5), (1, 3), (3, 0), (8, 2), (9, 0)]"

22.5*h**2 - 169.5*h + 387.0 for k >= 12,28.0*h**2 - 280.0*h + 952.0,7,8,"[(0, 1), (0, 2), (1, 0), (4, 0), (5, 9)]"

22.5*h**2 - 182.5*h + 495.0 for k >= 11,27.0*h**2 - 270.0*h + 927.0,6,9,"[(0, 0), (1, 1), (2, 1), (3, 9), (5, 0)]"

22.5*h**2 - 182.5*h + 495.0 for k >= 11,27.0*h**2 - 270.0*h + 927.0,6,9,"[(0, 2), (1, 0), (1, 1), (2, 8), (6, 5)]"

22.5*h**2 - 187.5*h + 540.0 for k >= 9,24.0*h**2 - 216.0*h + 676.0,6,8,"[(0, 0), (0, 1), (1, 0), (6, 0), (9, 6)]"

22.5*h**2 - 187.5*h + 540.0 for k >= 9,24.0*h**2 - 216.0*h + 676.0,6,8,"[(0, 0), (1, 0), (1, 1), (2, 6), (8, 3)]"

22.5*h**2 - 187.5*h + 540.0 for k >= 9,24.0*h**2 - 216.0*h + 676.0,6,8,"[(0, 0), (1, 1), (2, 1), (4, 7), (7, 1)]"

22.5*h**2 - 194.5*h + 565.0 for k >= 12,25.0*h**2 - 250.0*h + 875.0,5,10,"[(0, 0), (2, 1), (3, 2), (4, 9), (5, 0)]"

22.5*h**2 - 208.5*h + 537.0 for k >= 19,26.0*h**2 - 312.0*h + 1326.0,4,13,"[(0, 0), (3, 2), (5, 3), (0, 5), (9, 3)]"

22.5*h**2 - 229.5*h + 837.0 for k >= 11,24.0*h**2 - 264.0*h + 1036.0,4,12,"[(0, 0), (1, 0), (2, 1), (1, 9), (5, 4)]"

22.5*h**2 - 229.5*h + 837.0 for k >= 11,24.0*h**2 - 264.0*h + 1036.0,4,12,"[(0, 0), (1, 0), (2, 1), (2, 7), (7, 4)]"

23.0*h**2 - 196.0*h + 576.0 for k >= 9,24.0*h**2 - 216.0*h + 676.0,6,8,"[(0, 0), (1, 0), (1, 1), (3, 8), (8, 9)]"

23.0*h**2 - 196.0*h + 576.0 for k >= 9,24.0*h**2 - 216.0*h + 676.0,6,8,"[(0, 0), (1, 1), (2, 1), (1, 6), (8, 2)]"

23.0*h**2 - 196.0*h + 576.0 for k >= 9,24.0*h**2 - 216.0*h + 676.0,6,8,"[(0, 3), (1, 2), (2, 0), (4, 1), (7, 9)]"

23.0*h**2 - 210.0*h + 673.0 for k >= 10,25.0*h**2 - 250.0*h + 875.0,5,10,"[(0, 0), (1, 0), (2, 1), (6, 1), (9, 9)]"

23.0*h**2 - 210.0*h + 673.0 for k >= 10,25.0*h**2 - 250.0*h + 875.0,5,10,"[(0, 0), (2, 1), (3, 2), (0, 6), (6, 7)]"

23.0*h**2 - 236.0*h + 844.0 for k >= 13,26.0*h**2 - 312.0*h + 1326.0,4,13,"[(0, 1), (1, 0), (1, 1), (8, 9), (9, 6)]"

23.5*h**2 - 188.5*h + 484.0 for k >= 11,28.0*h**2 - 280.0*h + 952.0,7,8,"[(0, 0), (0, 1), (1, 0), (3, 8), (6, 2)]"

23.5*h**2 - 194.5*h + 541.0 for k >= 8,28.0*h**2 - 280.0*h + 952.0,7,8,"[(0, 3), (1, 2), (2, 0), (1, 6), (7, 8)]"

23.5*h**2 - 200.5*h + 586.0 for k >= 9,24.5*h**2 - 220.5*h + 686.0,7,7,"[(0, 0), (1, 0), (2, 1), (0, 5), (8, 7)]"

23.5*h**2 - 205.5*h + 621.0 for k >= 9,24.0*h**2 - 216.0*h + 676.0,6,8,"[(0, 0), (1, 0), (2, 1), (8, 6), (9, 1)]"

23.5*h**2 - 211.5*h + 634.0 for k >= 12,27.5*h**2 - 302.5*h + 1155.0,5,11,"[(0, 0), (0, 1), (1, 0), (5, 6), (9, 3)]"

24.0*h**2 - 201.0*h + 556.0 for k >= 11,28.0*h**2 - 280.0*h + 952.0,7,8,"[(0, 0), (1, 0), (1, 1), (8, 3), (9, 9)]"

24.0*h**2 - 203.0*h + 569.0 for k >= 11,28.0*h**2 - 280.0*h + 952.0,7,8,"[(0, 1), (1, 0), (1, 1), (0, 8), (5, 9)]"

24.0*h**2 - 204.0*h + 580.0 for k >= 11,28.0*h**2 - 280.0*h + 952.0,7,8,"[(0, 0), (1, 1), (2, 1), (6, 0), (8, 8)]"

24.0*h**2 - 204.0*h + 580.0 for k >= 11,28.0*h**2 - 280.0*h + 952.0,7,8,"[(0, 0), (3, 2), (5, 3), (1, 9), (2, 0)]"

24.0*h**2 - 204.0*h + 586.0 for k >= 9,28.0*h**2 - 280.0*h + 952.0,7,8,"[(0, 0), (0, 1), (1, 1), (4, 8), (7, 3)]"

24.0*h**2 - 210.0*h + 625.0 for k >= 9,27.0*h**2 - 270.0*h + 927.0,6,9,"[(0, 0), (0, 1), (1, 1), (2, 9), (6, 4)]"

24.0*h**2 - 210.0*h + 631.0 for k >= 9,24.5*h**2 - 220.5*h + 686.0,7,7,"[(0, 0), (0, 1), (1, 1), (7, 2), (8, 8)]"

24.0*h**2 - 210.0*h + 631.0 for k >= 9,24.5*h**2 - 220.5*h + 686.0,7,7,"[(0, 0), (1, 0), (1, 1), (0, 6), (7, 6)]"

24.0*h**2 - 228.0*h + 754.0 for k >= 10,25.0*h**2 - 250.0*h + 875.0,5,10,"[(0, 0), (1, 1), (2, 1), (2, 9), (6, 9)]"

24.0*h**2 - 330.0*h + 1597.0 for k >= 18,25.5*h**2 - 382.5*h + 2057.0,3,17,"[(0, 0), (2, 1), (3, 2), (0, 7), (4, 9)]"

24.5*h**2 - 202.5*h + 527.0 for k >= 12,31.5*h**2 - 346.5*h + 1281.0,7,9,"[(0, 0), (1, 1), (3, 2), (2, 7), (8, 9)]"

24.5*h**2 - 208.5*h + 584.0 for k >= 11,28.0*h**2 - 280.0*h + 952.0,7,8,"[(0, 0), (0, 1), (1, 0), (3, 8), (6, 1)]"

24.5*h**2 - 209.5*h + 601.0 for k >= 9,32.0*h**2 - 352.0*h + 1296.0,8,8,"[(0, 0), (1, 0), (1, 1), (4, 8), (8, 5)]"

24.5*h**2 - 210.5*h + 601.0 for k >= 11,28.0*h**2 - 280.0*h + 952.0,7,8,"[(0, 1), (1, 0), (1, 1), (3, 7), (9, 8)]"

24.5*h**2 - 214.5*h + 635.0 for k >= 11,28.0*h**2 - 280.0*h + 952.0,7,8,"[(0, 0), (1, 0), (2, 1), (0, 9), (4, 8)]"

24.5*h**2 - 222.5*h + 697.0 for k >= 10,27.0*h**2 - 270.0*h + 927.0,6,9,"[(0, 0), (1, 0), (1, 1), (0, 8), (5, 9)]"

24.5*h**2 - 222.5*h + 697.0 for k >= 10,27.0*h**2 - 270.0*h + 927.0,6,9,"[(0, 1), (0, 2), (1, 0), (2, 6), (8, 2)]"

24.5*h**2 - 236.5*h + 790.0 for k >= 10,27.5*h**2 - 302.5*h + 1155.0,5,11,"[(0, 0), (2, 1), (3, 2), (4, 8), (9, 7)]"

24.5*h**2 - 253.5*h + 770.0 for k >= 20,28.0*h**2 - 364.0*h + 1666.0,4,14,"[(0, 2), (1, 0), (1, 1), (9, 6), (9, 9)]"

24.5*h**2 - 346.5*h + 1735.0 for k >= 17,27.0*h**2 - 432.0*h + 2466.0,3,18,"[(0, 3), (1, 2), (2, 0), (5, 5), (8, 0)]"

25.0*h**2 - 226.0*h + 701.0 for k >= 10,28.0*h**2 - 280.0*h + 952.0,7,8,"[(0, 1), (1, 0), (1, 1), (7, 2), (7, 8)]"

25.0*h**2 - 230.0*h + 725.0 for k >= 10,27.0*h**2 - 270.0*h + 927.0,6,9,"[(0, 0), (1, 0), (1, 1), (0, 5), (9, 5)]"

25.0*h**2 - 246.0*h + 833.0 for k >= 12,27.5*h**2 - 302.5*h + 1155.0,5,11,"[(0, 0), (0, 1), (1, 0), (5, 9), (9, 9)]"

25.5*h**2 - 226.5*h + 671.0 for k >= 9,31.5*h**2 - 346.5*h + 1281.0,7,9,"[(0, 0), (1, 0), (1, 1), (4, 9), (7, 4)]"

25.5*h**2 - 232.5*h + 722.0 for k >= 10,28.0*h**2 - 280.0*h + 952.0,7,8,"[(0, 0), (1, 0), (1, 1), (0, 7), (7, 2)]"

25.5*h**2 - 232.5*h + 722.0 for k >= 10,28.0*h**2 - 280.0*h + 952.0,7,8,"[(0, 0), (1, 0), (1, 1), (8, 0), (9, 6)]"

25.5*h**2 - 254.5*h + 865.0 for k >= 13,27.5*h**2 - 302.5*h + 1155.0,5,11,"[(0, 1), (1, 0), (1, 1), (0, 5), (9, 7)]"

25.5*h**2 - 258.5*h + 911.0 for k >= 11,27.5*h**2 - 302.5*h + 1155.0,5,11,"[(0, 0), (1, 0), (2, 1), (0, 5), (8, 9)]"

25.5*h**2 - 258.5*h + 911.0 for k >= 11,27.5*h**2 - 302.5*h + 1155.0,5,11,"[(0, 0), (1, 0), (2, 1), (4, 7), (9, 4)]"

26.0*h**2 - 262.0*h + 887.0 for k >= 13,30.0*h**2 - 360.0*h + 1490.0,5,12,"[(0, 2), (1, 0), (1, 1), (7, 5), (8, 0)]"

26.0*h**2 - 303.0*h + 1203.0 for k >= 15,30.0*h**2 - 420.0*h + 2060.0,4,15,"[(0, 0), (0, 1), (1, 0), (7, 9), (9, 6)]"

26.0*h**2 - 309.0*h + 1287.0 for k >= 14,28.0*h**2 - 364.0*h + 1666.0,4,14,"[(0, 0), (2, 1), (3, 2), (0, 6), (6, 9)]"

26.5*h**2 - 258.5*h + 861.0 for k >= 10,27.0*h**2 - 270.0*h + 927.0,6,9,"[(0, 0), (0, 1), (1, 1), (1, 6), (9, 2)]"

26.5*h**2 - 265.5*h + 845.0 for k >= 16,30.0*h**2 - 360.0*h + 1490.0,5,12,"[(0, 1), (0, 2), (1, 0), (7, 5), (8, 0)]"

26.5*h**2 - 317.5*h + 1308.0 for k >= 15,30.0*h**2 - 420.0*h + 2060.0,4,15,"[(0, 0), (1, 1), (2, 1), (1, 8), (7, 4)]"

27.0*h**2 - 237.0*h + 621.0 for k >= 14,32.0*h**2 - 352.0*h + 1296.0,8,8,"[(0, 2), (1, 0), (1, 1), (4, 9), (8, 8)]"

27.0*h**2 - 252.0*h + 786.0 for k >= 10,32.0*h**2 - 352.0*h + 1296.0,8,8,"[(0, 0), (1, 0), (1, 1), (4, 8), (9, 6)]"

27.0*h**2 - 254.0*h + 759.0 for k >= 13,33.0*h**2 - 396.0*h + 1606.0,6,11,"[(0, 3), (1, 2), (2, 0), (1, 7), (7, 8)]"

27.0*h**2 - 258.0*h + 831.0 for k >= 10,28.0*h**2 - 280.0*h + 952.0,7,8,"[(0, 0), (1, 0), (1, 1), (2, 7), (9, 9)]"

27.0*h**2 - 258.0*h + 831.0 for k >= 10,28.0*h**2 - 280.0*h + 952.0,7,8,"[(0, 0), (5, 3), (8, 5), (2, 7), (8, 4)]"

27.0*h**2 - 258.0*h + 831.0 for k >= 10,28.0*h**2 - 280.0*h + 952.0,7,8,"[(0, 1), (1, 0), (1, 1), (0, 8), (6, 7)]"

27.0*h**2 - 261.0*h + 837.0 for k >= 12,30.0*h**2 - 330.0*h + 1235.0,6,10,"[(0, 0), (1, 1), (2, 1), (0, 6), (9, 0)]"

27.0*h**2 - 262.0*h + 847.0 for k >= 12,30.0*h**2 - 330.0*h + 1235.0,6,10,"[(0, 2), (1, 0), (1, 1), (6, 1), (7, 8)]"

27.0*h**2 - 264.0*h + 870.0 for k >= 10,30.0*h**2 - 330.0*h + 1235.0,6,10,"[(0, 1), (1, 0), (1, 1), (4, 9), (7, 4)]"

27.0*h**2 - 336.0*h + 1470.0 for k >= 13,28.0*h**2 - 364.0*h + 1666.0,4,14,"[(0, 0), (2, 1), (3, 2), (8, 6), (9, 0)]"

27.5*h**2 - 250.5*h + 712.0 for k >= 14,32.0*h**2 - 352.0*h + 1296.0,8,8,"[(0, 0), (2, 1), (3, 2), (1, 8), (6, 9)]"

27.5*h**2 - 257.5*h + 795.0 for k >= 9,32.0*h**2 - 352.0*h + 1296.0,8,8,"[(0, 0), (0, 1), (1, 1), (3, 8), (8, 4)]"

27.5*h**2 - 259.5*h + 802.0 for k >= 12,31.5*h**2 - 346.5*h + 1281.0,7,9,"[(0, 0), (0, 1), (1, 0), (3, 6), (9, 1)]"

27.5*h**2 - 259.5*h + 802.0 for k >= 12,31.5*h**2 - 346.5*h + 1281.0,7,9,"[(0, 1), (0, 2), (1, 0), (1, 6), (9, 7)]"

27.5*h**2 - 271.5*h + 892.0 for k >= 12,30.0*h**2 - 330.0*h + 1235.0,6,10,"[(0, 0), (0, 1), (1, 0), (6, 6), (9, 1)]"

27.5*h**2 - 277.5*h + 955.0 for k >= 11,30.0*h**2 - 330.0*h + 1235.0,6,10,"[(0, 0), (1, 1), (2, 1), (7, 6), (9, 0)]"

27.5*h**2 - 277.5*h + 955.0 for k >= 11,30.0*h**2 - 330.0*h + 1235.0,6,10,"[(0, 1), (1, 0), (1, 1), (2, 9), (6, 0)]"

28.0*h**2 - 266.0*h + 819.0 for k >= 13,32.0*h**2 - 352.0*h + 1296.0,8,8,"[(0, 0), (1, 0), (2, 1), (0, 7), (8, 0)]"

28.0*h**2 - 268.0*h + 844.0 for k >= 12,32.0*h**2 - 352.0*h + 1296.0,8,8,"[(0, 0), (1, 1), (2, 1), (3, 8), (7, 0)]"

28.0*h**2 - 268.0*h + 850.0 for k >= 10,32.0*h**2 - 352.0*h + 1296.0,8,8,"[(0, 0), (1, 0), (1, 1), (3, 8), (8, 4)]"

28.0*h**2 - 273.0*h + 889.0 for k >= 12,32.0*h**2 - 352.0*h + 1296.0,8,8,"[(0, 1), (1, 0), (1, 1), (1, 8), (7, 9)]"

28.0*h**2 - 273.0*h + 889.0 for k >= 12,32.0*h**2 - 352.0*h + 1296.0,8,8,"[(0, 1), (1, 0), (1, 1), (8, 1), (9, 7)]"

28.0*h**2 - 278.0*h + 903.0 for k >= 13,33.0*h**2 - 396.0*h + 1606.0,6,11,"[(0, 0), (2, 1), (3, 2), (7, 0), (7, 8)]"

28.0*h**2 - 355.0*h + 1534.0 for k >= 16,32.0*h**2 - 480.0*h + 2512.0,4,16,"[(0, 1), (0, 2), (1, 0), (6, 5), (9, 0)]"

28.5*h**2 - 274.5*h + 871.0 for k >= 10,36.0*h**2 - 432.0*h + 1716.0,8,9,"[(0, 0), (1, 0), (1, 1), (4, 8), (9, 5)]"

28.5*h**2 - 277.5*h + 883.0 for k >= 12,31.5*h**2 - 346.5*h + 1281.0,7,9,"[(0, 1), (0, 2), (1, 0), (1, 8), (7, 7)]"

28.5*h**2 - 280.5*h + 916.0 for k >= 10,31.5*h**2 - 346.5*h + 1281.0,7,9,"[(0, 0), (1, 1), (2, 1), (3, 7), (9, 2)]"

28.5*h**2 - 286.5*h + 973.0 for k >= 11,31.5*h**2 - 346.5*h + 1281.0,7,9,"[(0, 0), (0, 1), (1, 1), (1, 9), (7, 7)]"

28.5*h**2 - 286.5*h + 973.0 for k >= 11,31.5*h**2 - 346.5*h + 1281.0,7,9,"[(0, 0), (0, 1), (1, 1), (3, 9), (9, 9)]"

28.5*h**2 - 286.5*h + 973.0 for k >= 11,31.5*h**2 - 346.5*h + 1281.0,7,9,"[(0, 0), (0, 1), (1, 1), (8, 0), (9, 6)]"

28.5*h**2 - 286.5*h + 973.0 for k >= 11,31.5*h**2 - 346.5*h + 1281.0,7,9,"[(0, 0), (1, 0), (1, 1), (0, 6), (8, 9)]"

28.5*h**2 - 286.5*h + 973.0 for k >= 11,31.5*h**2 - 346.5*h + 1281.0,7,9,"[(0, 0), (1, 0), (1, 1), (7, 0), (9, 8)]"

28.5*h**2 - 286.5*h + 973.0 for k >= 11,31.5*h**2 - 346.5*h + 1281.0,7,9,"[(0, 1), (1, 0), (1, 1), (8, 2), (8, 8)]"

28.5*h**2 - 340.5*h + 1081.0 for k >= 25,32.0*h**2 - 480.0*h + 2512.0,4,16,"[(0, 0), (1, 1), (3, 2), (0, 9), (6, 5)]"

29.0*h**2 - 276.0*h + 806.0 for k >= 14,35.0*h**2 - 420.0*h + 1680.0,7,10,"[(0, 0), (1, 1), (3, 2), (2, 9), (7, 9)]"

29.0*h**2 - 276.0*h + 806.0 for k >= 14,35.0*h**2 - 420.0*h + 1680.0,7,10,"[(0, 5), (1, 3), (3, 0), (0, 7), (9, 3)]"

29.0*h**2 - 286.0*h + 931.0 for k >= 10,32.0*h**2 - 352.0*h + 1296.0,8,8,"[(0, 0), (1, 0), (1, 1), (3, 8), (8, 3)]"

29.0*h**2 - 292.0*h + 988.0 for k >= 11,32.0*h**2 - 352.0*h + 1296.0,8,8,"[(0, 0), (0, 1), (1, 1), (7, 8), (9, 3)]"

29.0*h**2 - 292.0*h + 988.0 for k >= 11,32.0*h**2 - 352.0*h + 1296.0,8,8,"[(0, 0), (1, 0), (2, 1), (6, 7), (9, 1)]"

29.0*h**2 - 294.0*h + 1001.0 for k >= 11,31.5*h**2 - 346.5*h + 1281.0,7,9,"[(0, 0), (1, 1), (2, 1), (0, 7), (7, 8)]"

29.0*h**2 - 304.0*h + 1072.0 for k >= 11,33.0*h**2 - 396.0*h + 1606.0,6,11,"[(0, 0), (1, 1), (2, 1), (7, 9), (8, 2)]"

29.0*h**2 - 330.0*h + 1271.0 for k >= 14,32.5*h**2 - 422.5*h + 1885.0,5,13,"[(0, 0), (1, 0), (2, 1), (0, 6), (9, 4)]"

29.0*h**2 - 705.0*h + 5356.0 for k >= 34,0,2,0,"[(0, 5), (1, 3), (3, 0), (2, 2), (9, 9)]"

29.5*h**2 - 300.5*h + 1016.0 for k >= 10,31.5*h**2 - 346.5*h + 1281.0,7,9,"[(0, 0), (1, 0), (1, 1), (3, 7), (9, 2)]"

29.5*h**2 - 302.5*h + 1037.0 for k >= 11,31.5*h**2 - 346.5*h + 1281.0,7,9,"[(0, 1), (1, 0), (1, 1), (0, 9), (6, 6)]"

30.0*h**2 - 292.0*h + 892.0 for k >= 13,36.0*h**2 - 432.0*h + 1716.0,8,9,"[(0, 1), (0, 2), (1, 0), (2, 9), (7, 6)]"

30.0*h**2 - 306.0*h + 1037.0 for k >= 11,36.0*h**2 - 432.0*h + 1716.0,8,9,"[(0, 0), (0, 1), (1, 1), (3, 9), (9, 8)]"

30.0*h**2 - 308.0*h + 1052.0 for k >= 11,32.0*h**2 - 352.0*h + 1296.0,8,8,"[(0, 0), (1, 0), (1, 1), (2, 8), (8, 4)]"

30.0*h**2 - 308.0*h + 1052.0 for k >= 11,32.0*h**2 - 352.0*h + 1296.0,8,8,"[(0, 1), (1, 0), (1, 1), (5, 7), (8, 0)]"

30.0*h**2 - 312.0*h + 1082.0 for k >= 11,31.5*h**2 - 346.5*h + 1281.0,7,9,"[(0, 0), (1, 0), (1, 1), (0, 6), (9, 6)]"

30.0*h**2 - 315.0*h + 1064.0 for k >= 14,36.0*h**2 - 468.0*h + 2046.0,6,12,"[(0, 0), (1, 1), (2, 1), (4, 9), (9, 6)]"

30.5*h**2 - 306.5*h + 1001.0 for k >= 10,40.5*h**2 - 526.5*h + 2241.0,9,9,"[(0, 0), (1, 0), (1, 1), (5, 9), (9, 5)]"

30.5*h**2 - 322.5*h + 1137.0 for k >= 11,31.5*h**2 - 346.5*h + 1281.0,7,9,"[(0, 0), (1, 0), (1, 1), (2, 7), (9, 2)]"

30.5*h**2 - 327.5*h + 1142.0 for k >= 14,36.0*h**2 - 468.0*h + 2046.0,6,12,"[(0, 1), (0, 2), (1, 0), (3, 7), (8, 0)]"

31.0*h**2 - 328.0*h + 1152.0 for k >= 11,32.0*h**2 - 352.0*h + 1296.0,8,8,"[(0, 0), (0, 1), (1, 0), (0, 8), (7, 6)]"

31.0*h**2 - 334.0*h + 1203.0 for k >= 11,31.5*h**2 - 346.5*h + 1281.0,7,9,"[(0, 1), (1, 0), (1, 1), (0, 7), (9, 0)]"

31.0*h**2 - 346.0*h + 1293.0 for k >= 11,33.0*h**2 - 396.0*h + 1606.0,6,11,"[(0, 0), (1, 1), (2, 1), (5, 9), (8, 2)]"

31.5*h**2 - 324.5*h + 1068.0 for k >= 13,36.0*h**2 - 432.0*h + 1716.0,8,9,"[(0, 0), (0, 1), (1, 0), (2, 9), (7, 2)]"

31.5*h**2 - 328.5*h + 1116.0 for k >= 10,36.0*h**2 - 432.0*h + 1716.0,8,9,"[(0, 0), (2, 1), (3, 2), (0, 9), (7, 1)]"

31.5*h**2 - 328.5*h + 1122.0 for k >= 11,40.5*h**2 - 526.5*h + 2241.0,9,9,"[(0, 0), (1, 0), (1, 1), (4, 9), (9, 6)]"

31.5*h**2 - 524.5*h + 2188.0 for k >= 27,0,3,0,"[(0, 0), (5, 3), (8, 5), (9, 2), (9, 9)]"

32.0*h**2 - 330.0*h + 1069.0 for k >= 14,40.0*h**2 - 520.0*h + 2220.0,8,10,"[(0, 0), (3, 2), (5, 3), (2, 8), (9, 4)]"

32.0*h**2 - 337.0*h + 1146.0 for k >= 13,36.0*h**2 - 432.0*h + 1716.0,8,9,"[(0, 1), (0, 2), (1, 0), (2, 8), (8, 3)]"

32.0*h**2 - 345.0*h + 1226.0 for k >= 13,36.0*h**2 - 432.0*h + 1716.0,8,9,"[(0, 0), (1, 0), (1, 1), (8, 1), (9, 9)]"

32.0*h**2 - 345.0*h + 1226.0 for k >= 13,36.0*h**2 - 432.0*h + 1716.0,8,9,"[(0, 1), (1, 0), (1, 1), (8, 0), (9, 7)]"

32.0*h**2 - 349.0*h + 1254.0 for k >= 13,35.0*h**2 - 420.0*h + 1680.0,7,10,"[(0, 0), (2, 1), (3, 2), (1, 7), (9, 9)]"

32.0*h**2 - 352.0*h + 1296.0 for k >= 12,36.0*h**2 - 432.0*h + 1716.0,8,9,"[(0, 0), (1, 0), (1, 1), (1, 8), (8, 8)]"

33.0*h**2 - 366.0*h + 1345.0 for k >= 12,36.0*h**2 - 432.0*h + 1716.0,8,9,"[(0, 0), (0, 1), (1, 0), (3, 7), (9, 0)]"

33.0*h**2 - 388.0*h + 1510.0 for k >= 14,36.0*h**2 - 468.0*h + 2046.0,6,12,"[(0, 0), (1, 0), (2, 1), (4, 9), (8, 2)]"

33.5*h**2 - 370.5*h + 1307.0 for k >= 14,38.5*h**2 - 500.5*h + 2156.0,7,11,"[(0, 0), (0, 1), (1, 0), (4, 9), (8, 3)]"

33.5*h**2 - 374.5*h + 1381.0 for k >= 12,36.0*h**2 - 432.0*h + 1716.0,8,9,"[(0, 0), (1, 0), (1, 1), (2, 8), (9, 5)]"

33.5*h**2 - 374.5*h + 1381.0 for k >= 12,36.0*h**2 - 432.0*h + 1716.0,8,9,"[(0, 1), (1, 0), (1, 1), (2, 8), (9, 6)]"

33.5*h**2 - 380.5*h + 1426.0 for k >= 12,38.5*h**2 - 500.5*h + 2156.0,7,11,"[(0, 0), (1, 0), (2, 1), (8, 9), (9, 2)]"

33.5*h**2 - 508.5*h + 2540.0 for k >= 21,38.0*h**2 - 684.0*h + 4256.0,4,19,"[(0, 3), (1, 2), (2, 0), (3, 8), (9, 8)]"

33.5*h**2 - 680.5*h + 4852.0 for k >= 21,0,3,0,"[(0, 0), (5, 3), (8, 5), (2, 4), (9, 0)]"

34.0*h**2 - 382.0*h + 1403.0 for k >= 11,36.0*h**2 - 432.0*h + 1716.0,8,9,"[(0, 0), (0, 1), (1, 1), (2, 9), (8, 3)]"

34.5*h**2 - 358.5*h + 1043.0 for k >= 17,44.0*h**2 - 616.0*h + 2816.0,8,11,"[(0, 0), (1, 1), (3, 2), (1, 9), (8, 3)]"

34.5*h**2 - 391.5*h + 1250.0 for k >= 18,42.0*h**2 - 630.0*h + 3157.0,6,14,"[(0, 0), (1, 1), (3, 2), (3, 8), (9, 1)]"

34.5*h**2 - 400.5*h + 1526.0 for k >= 12,38.5*h**2 - 500.5*h + 2156.0,7,11,"[(0, 0), (1, 1), (2, 1), (6, 9), (9, 2)]"

35.0*h**2 - 390.0*h + 1371.0 for k >= 14,40.0*h**2 - 520.0*h + 2220.0,8,10,"[(0, 0), (0, 1), (1, 0), (2, 8), (9, 4)]"

35.0*h**2 - 406.0*h + 1547.0 for k >= 12,36.0*h**2 - 432.0*h + 1716.0,8,9,"[(0, 0), (5, 3), (8, 5), (2, 6), (8, 1)]"

35.0*h**2 - 406.0*h + 1547.0 for k >= 12,36.0*h**2 - 432.0*h + 1716.0,8,9,"[(0, 1), (1, 0), (1, 1), (0, 9), (7, 8)]"

35.0*h**2 - 406.0*h + 1547.0 for k >= 12,36.0*h**2 - 432.0*h + 1716.0,8,9,"[(0, 1), (1, 0), (1, 1), (2, 8), (9, 3)]"

35.5*h**2 - 406.5*h + 1511.0 for k >= 12,40.5*h**2 - 526.5*h + 2241.0,9,9,"[(0, 0), (1, 0), (1, 1), (3, 9), (9, 5)]"

35.5*h**2 - 418.5*h + 1625.0 for k >= 12,36.0*h**2 - 432.0*h + 1716.0,8,9,"[(0, 2), (1, 0), (1, 1), (8, 1), (8, 8)]"

36.0*h**2 - 462.0*h + 1971.0 for k >= 13,39.0*h**2 - 546.0*h + 2561.0,6,13,"[(0, 0), (1, 0), (2, 1), (1, 8), (9, 6)]"

36.5*h**2 - 431.5*h + 1660.0 for k >= 14,40.5*h**2 - 526.5*h + 2241.0,9,9,"[(0, 0), (0, 1), (1, 0), (1, 8), (9, 1)]"

36.5*h**2 - 433.5*h + 1675.0 for k >= 14,40.0*h**2 - 520.0*h + 2220.0,8,10,"[(0, 0), (1, 0), (2, 1), (1, 8), (9, 9)]"

37.0*h**2 - 446.0*h + 1765.0 for k >= 13,40.5*h**2 - 526.5*h + 2241.0,9,9,"[(0, 0), (1, 0), (1, 1), (8, 9), (9, 1)]"

37.0*h**2 - 448.0*h + 1780.0 for k >= 13,40.0*h**2 - 520.0*h + 2220.0,8,10,"[(0, 0), (0, 1), (1, 1), (2, 8), (9, 0)]"

37.0*h**2 - 448.0*h + 1780.0 for k >= 13,40.0*h**2 - 520.0*h + 2220.0,8,10,"[(0, 0), (1, 1), (2, 1), (0, 9), (7, 9)]"

37.0*h**2 - 480.0*h + 2028.0 for k >= 16,42.0*h**2 - 630.0*h + 3157.0,6,14,"[(0, 3), (1, 2), (2, 0), (1, 9), (8, 5)]"

37.5*h**2 - 448.5*h + 1732.0 for k >= 12,40.5*h**2 - 526.5*h + 2241.0,9,9,"[(0, 0), (1, 0), (1, 1), (3, 9), (9, 3)]"

38.0*h**2 - 468.0*h + 1880.0 for k >= 13,40.0*h**2 - 520.0*h + 2220.0,8,10,"[(0, 1), (1, 0), (1, 1), (0, 8), (9, 5)]"

38.5*h**2 - 490.5*h + 2031.0 for k >= 15,42.0*h**2 - 588.0*h + 2716.0,7,12,"[(0, 0), (1, 1), (2, 1), (0, 8), (9, 7)]"

38.5*h**2 - 490.5*h + 2031.0 for k >= 15,42.0*h**2 - 588.0*h + 2716.0,7,12,"[(0, 2), (1, 0), (1, 1), (8, 7), (9, 0)]"

38.5*h**2 - 530.5*h + 2441.0 for k >= 14,39.0*h**2 - 546.0*h + 2561.0,6,13,"[(0, 0), (2, 1), (3, 2), (1, 9), (9, 4)]"

4.0*h**2 - 2.0*h + 3.0 for k >= 1,4.5*h**2 - 4.5*h + 6.0,3,3,"[(0, 0), (1, 1), (2, 1), (1, 2), (5, 3)]"

4.0*h**2 - 2.0*h + 3.0 for k >= 1,4.5*h**2 - 4.5*h + 6.0,3,3,"[(0, 0), (1, 1), (3, 2), (3, 3), (8, 6)]"

4.0*h**2 - 2.0*h + 3.0 for k >= 1,4.5*h**2 - 4.5*h + 6.0,3,3,"[(0, 0), (2, 1), (3, 2), (5, 2), (9, 4)]"

4.0*h**2 - 2.0*h + 3.0 for k >= 1,4.5*h**2 - 4.5*h + 6.0,3,3,"[(0, 0), (2, 1), (3, 2), (5, 4), (5, 5)]"

4.0*h**2 - 3.0*h + 3.0 for k >= 3,5.0*h**2 - 10.0*h + 15.0,2,5,"[(0, 0), (0, 1), (1, 1), (5, 3), (6, 3)]"

4.0*h**2 + 1.0*h - 5.0 for k >= 3,6.0*h**2 - 12.0*h + 16.0,3,4,"[(0, 1), (1, 0), (1, 1), (4, 2), (6, 3)]"

4.0*h**2 + 2.0*h - 9.0 for k >= 4,6.0*h**2 - 12.0*h + 16.0,3,4,"[(0, 0), (0, 1), (1, 0), (0, 6), (0, 8)]"

4.0*h**2 + 2.0*h - 9.0 for k >= 4,6.0*h**2 - 12.0*h + 16.0,3,4,"[(0, 0), (1, 0), (1, 1), (1, 4), (2, 7)]"

4.0*h**2 + 2.0*h - 9.0 for k >= 4,6.0*h**2 - 12.0*h + 16.0,3,4,"[(0, 0), (1, 0), (1, 1), (3, 2), (6, 6)]"

4.0*h**2 + 5.0*h - 34.0 for k >= 5,7.0*h**2 - 28.0*h + 56.0,2,7,"[(0, 0), (0, 1), (1, 0), (6, 1), (7, 1)]"

4.5*h**2 - 0.5*h - 19.0 for k >= 5,7.0*h**2 - 28.0*h + 56.0,2,7,"[(0, 1), (1, 0), (1, 1), (6, 2), (7, 2)]"

4.5*h**2 - 0.5*h - 6.0 for k >= 4,6.0*h**2 - 12.0*h + 16.0,3,4,"[(0, 0), (1, 0), (1, 1), (6, 2), (8, 3)]"

4.5*h**2 - 1.5*h - 3.0 for k >= 4,6.0*h**2 - 12.0*h + 16.0,3,4,"[(0, 0), (1, 0), (2, 1), (3, 4), (4, 6)]"

4.5*h**2 - 2.5*h + 1.0 for k >= 3,6.0*h**2 - 12.0*h + 16.0,3,4,"[(0, 0), (0, 1), (1, 0), (4, 0), (9, 0)]"

4.5*h**2 - 2.5*h + 1.0 for k >= 3,6.0*h**2 - 12.0*h + 16.0,3,4,"[(0, 0), (0, 1), (1, 1), (1, 3), (4, 6)]"

4.5*h**2 - 2.5*h + 1.0 for k >= 3,6.0*h**2 - 12.0*h + 16.0,3,4,"[(0, 0), (1, 0), (1, 1), (2, 4), (4, 7)]"

4.5*h**2 - 2.5*h + 1.0 for k >= 3,6.0*h**2 - 12.0*h + 16.0,3,4,"[(0, 0), (1, 0), (1, 1), (3, 1), (7, 4)]"

4.5*h**2 - 2.5*h + 1.0 for k >= 3,6.0*h**2 - 12.0*h + 16.0,3,4,"[(0, 0), (1, 0), (1, 1), (3, 1), (9, 4)]"

4.5*h**2 - 2.5*h + 1.0 for k >= 3,6.0*h**2 - 12.0*h + 16.0,3,4,"[(0, 0), (1, 0), (1, 1), (3, 2), (6, 2)]"

4.5*h**2 - 2.5*h + 1.0 for k >= 3,6.0*h**2 - 12.0*h + 16.0,3,4,"[(0, 0), (1, 0), (1, 1), (4, 3), (9, 7)]"

4.5*h**2 - 2.5*h + 1.0 for k >= 3,6.0*h**2 - 12.0*h + 16.0,3,4,"[(0, 0), (1, 0), (2, 1), (0, 1), (5, 4)]"

4.5*h**2 - 2.5*h + 1.0 for k >= 3,6.0*h**2 - 12.0*h + 16.0,3,4,"[(0, 0), (1, 1), (3, 2), (1, 0), (7, 3)]"

4.5*h**2 - 6.5*h + 9.0 for k >= 2,5.0*h**2 - 10.0*h + 15.0,2,5,"[(0, 0), (0, 1), (1, 1), (1, 5), (1, 9)]"

4.5*h**2 - 6.5*h + 9.0 for k >= 2,5.0*h**2 - 10.0*h + 15.0,2,5,"[(0, 0), (0, 1), (1, 1), (3, 5), (6, 9)]"

4.5*h**2 - 6.5*h + 9.0 for k >= 2,5.0*h**2 - 10.0*h + 15.0,2,5,"[(0, 0), (0, 1), (1, 1), (4, 0), (5, 1)]"

4.5*h**2 - 6.5*h + 9.0 for k >= 2,5.0*h**2 - 10.0*h + 15.0,2,5,"[(0, 0), (1, 0), (1, 1), (0, 1), (4, 5)]"

4.5*h**2 - 6.5*h + 9.0 for k >= 2,5.0*h**2 - 10.0*h + 15.0,2,5,"[(0, 0), (1, 0), (1, 1), (0, 7), (1, 2)]"

4.5*h**2 - 6.5*h + 9.0 for k >= 2,5.0*h**2 - 10.0*h + 15.0,2,5,"[(0, 0), (1, 0), (1, 1), (2, 2), (8, 7)]"

4.5*h**2 - 6.5*h + 9.0 for k >= 2,5.0*h**2 - 10.0*h + 15.0,2,5,"[(0, 0), (5, 3), (8, 5), (3, 2), (8, 4)]"

4.5*h**2 + 1.5*h - 15.0 for k >= 5,6.0*h**2 - 12.0*h + 16.0,3,4,"[(0, 0), (0, 1), (1, 0), (2, 1), (8, 1)]"

4.5*h**2 + 1.5*h - 15.0 for k >= 5,6.0*h**2 - 12.0*h + 16.0,3,4,"[(0, 0), (1, 1), (2, 1), (4, 3), (7, 7)]"

4.5*h**2 + 1.5*h - 15.0 for k >= 5,6.0*h**2 - 12.0*h + 16.0,3,4,"[(0, 1), (1, 0), (1, 1), (0, 3), (0, 9)]"

4.5*h**2 + 5.5*h - 55.0 for k >= 6,8.0*h**2 - 40.0*h + 92.0,2,8,"[(0, 0), (1, 0), (1, 1), (0, 7), (0, 8)]"

4.5*h**2 + 5.5*h - 55.0 for k >= 6,8.0*h**2 - 40.0*h + 92.0,2,8,"[(0, 1), (0, 2), (1, 0), (1, 7), (1, 8)]"

41.0*h**2 - 519.0*h + 2089.0 for k >= 15,45.0*h**2 - 630.0*h + 2865.0,9,10,"[(0, 0), (0, 1), (1, 0), (6, 9), (9, 1)]"

41.0*h**2 - 527.0*h + 2185.0 for k >= 15,45.0*h**2 - 630.0*h + 2865.0,9,10,"[(0, 0), (1, 0), (2, 1), (0, 8), (9, 9)]"

43.0*h**2 - 736.0*h + 4250.0 for k >= 17,45.0*h**2 - 810.0*h + 4935.0,5,18,"[(0, 0), (2, 1), (3, 2), (0, 9), (9, 7)]"

43.5*h**2 - 670.5*h + 3431.0 for k >= 16,45.0*h**2 - 720.0*h + 3840.0,6,15,"[(0, 0), (5, 3), (8, 5), (0, 9), (3, 0)]"

44.5*h**2 - 526.5*h + 1565.0 for k >= 20,60.5*h**2 - 1028.5*h + 5566.0,11,11,"[(0, 5), (1, 3), (3, 0), (7, 0), (8, 9)]"

5.0*h**2 - 1.0*h - 34.0 for k >= 6,8.0*h**2 - 40.0*h + 92.0,2,8,"[(0, 0), (1, 0), (1, 1), (2, 8), (2, 9)]"

5.0*h**2 - 1.0*h - 9.0 for k >= 4,8.0*h**2 - 24.0*h + 36.0,4,4,"[(0, 0), (1, 1), (3, 2), (4, 1), (7, 2)]"

5.0*h**2 - 16.0 for k >= 5,7.5*h**2 - 22.5*h + 35.0,3,5,"[(0, 0), (0, 1), (1, 0), (4, 2), (7, 3)]"

5.0*h**2 - 2.0*h - 7.0 for k >= 4,7.5*h**2 - 22.5*h + 35.0,3,5,"[(0, 0), (1, 1), (2, 1), (2, 0), (4, 5)]"

5.0*h**2 - 4.0*h for k >= 4,6.0*h**2 - 12.0*h + 16.0,3,4,"[(0, 0), (1, 0), (2, 1), (2, 2), (8, 6)]"

5.0*h**2 - 5.0*h + 4.0 for k >= 3,6.0*h**2 - 12.0*h + 16.0,3,4,"[(0, 0), (0, 1), (1, 1), (3, 5), (4, 8)]"

5.0*h**2 - 5.0*h + 4.0 for k >= 3,6.0*h**2 - 12.0*h + 16.0,3,4,"[(0, 0), (1, 0), (1, 1), (4, 1), (5, 3)]"

5.0*h**2 - 5.0*h + 4.0 for k >= 3,6.0*h**2 - 12.0*h + 16.0,3,4,"[(0, 0), (1, 0), (1, 1), (4, 3), (5, 2)]"

5.0*h**2 - 6.0*h + 7.0 for k >= 2,6.0*h**2 - 12.0*h + 16.0,3,4,"[(0, 0), (1, 0), (1, 1), (0, 2), (3, 4)]"

5.0*h**2 - 6.0*h + 7.0 for k >= 2,6.0*h**2 - 12.0*h + 16.0,3,4,"[(0, 0), (1, 1), (2, 1), (0, 2), (5, 0)]"

5.0*h**2 - 6.0*h + 7.0 for k >= 2,6.0*h**2 - 12.0*h + 16.0,3,4,"[(0, 0), (1, 1), (2, 1), (4, 4), (8, 7)]"

5.0*h**2 - 9.0*h + 11.0 for k >= 4,6.0*h**2 - 18.0*h + 31.0,2,6,"[(0, 0), (1, 0), (1, 1), (0, 1), (4, 6)]"

5.0*h**2 - 9.0*h + 11.0 for k >= 4,6.0*h**2 - 18.0*h + 31.0,2,6,"[(0, 0), (1, 1), (3, 2), (2, 1), (9, 3)]"

5.0*h**2 + 2.0*h - 27.0 for k >= 6,7.5*h**2 - 22.5*h + 35.0,3,5,"[(0, 0), (1, 0), (1, 1), (3, 2), (8, 8)]"

5.0*h**2 + 2.0*h - 27.0 for k >= 6,7.5*h**2 - 22.5*h + 35.0,3,5,"[(0, 0), (1, 0), (1, 1), (5, 5), (8, 9)]"

5.0*h**2 + 6.0*h - 49.0 for k >= 7,7.5*h**2 - 22.5*h + 35.0,3,5,"[(0, 0), (0, 1), (1, 1), (5, 0), (9, 0)]"

5.0*h**2 + 6.0*h - 49.0 for k >= 7,7.5*h**2 - 22.5*h + 35.0,3,5,"[(0, 0), (1, 0), (2, 1), (2, 2), (9, 9)]"

5.0*h**2 + 6.0*h - 83.0 for k >= 7,9.0*h**2 - 54.0*h + 141.0,2,9,"[(0, 0), (1, 0), (1, 1), (2, 1), (9, 9)]"

5.5*h**2 - 11.5*h + 11.0 for k >= 5,7.0*h**2 - 28.0*h + 56.0,2,7,"[(0, 0), (1, 0), (1, 1), (7, 4), (8, 4)]"

5.5*h**2 - 13.5*h + 21.0 for k >= 3,6.0*h**2 - 18.0*h + 31.0,2,6,"[(0, 0), (0, 1), (1, 1), (3, 6), (4, 6)]"

5.5*h**2 - 13.5*h + 21.0 for k >= 3,6.0*h**2 - 18.0*h + 31.0,2,6,"[(0, 0), (1, 0), (1, 1), (6, 4), (6, 5)]"

5.5*h**2 - 4.5*h - 6.0 for k >= 5,7.5*h**2 - 22.5*h + 35.0,3,5,"[(0, 0), (0, 1), (1, 0), (5, 2), (7, 2)]"

5.5*h**2 - 5.5*h + 1.0 for k >= 4,8.0*h**2 - 24.0*h + 36.0,4,4,"[(0, 0), (1, 0), (1, 1), (4, 2), (9, 6)]"

5.5*h**2 - 6.5*h + 3.0 for k >= 4,7.5*h**2 - 22.5*h + 35.0,3,5,"[(0, 0), (1, 0), (2, 1), (4, 4), (8, 9)]"

5.5*h**2 - 6.5*h + 3.0 for k >= 4,7.5*h**2 - 22.5*h + 35.0,3,5,"[(0, 0), (2, 1), (3, 2), (4, 4), (7, 8)]"

5.5*h**2 - 6.5*h + 3.0 for k >= 4,7.5*h**2 - 22.5*h + 35.0,3,5,"[(0, 2), (1, 0), (1, 1), (0, 0), (5, 1)]"

5.5*h**2 - 8.5*h + 10.0 for k >= 2,6.0*h**2 - 12.0*h + 16.0,3,4,"[(0, 0), (1, 0), (1, 1), (3, 0), (7, 2)]"

5.5*h**2 - 8.5*h + 10.0 for k >= 2,6.0*h**2 - 12.0*h + 16.0,3,4,"[(0, 0), (1, 0), (1, 1), (4, 4), (8, 7)]"

5.5*h**2 - 8.5*h + 10.0 for k >= 2,6.0*h**2 - 12.0*h + 16.0,3,4,"[(0, 0), (1, 0), (2, 1), (0, 5), (1, 2)]"

5.5*h**2 - 8.5*h + 10.0 for k >= 2,6.0*h**2 - 12.0*h + 16.0,3,4,"[(0, 0), (1, 0), (2, 1), (4, 1), (6, 4)]"

5.5*h**2 - 8.5*h + 10.0 for k >= 2,6.0*h**2 - 12.0*h + 16.0,3,4,"[(0, 0), (1, 1), (2, 1), (5, 2), (9, 2)]"

5.5*h**2 - 8.5*h + 10.0 for k >= 2,6.0*h**2 - 12.0*h + 16.0,3,4,"[(0, 2), (1, 0), (1, 1), (0, 0), (3, 5)]"

5.5*h**2 + 0.5*h - 26.0 for k >= 6,8.0*h**2 - 24.0*h + 36.0,4,4,"[(0, 0), (0, 1), (1, 0), (3, 5), (4, 7)]"

5.5*h**2 + 0.5*h - 26.0 for k >= 6,8.0*h**2 - 24.0*h + 36.0,4,4,"[(0, 2), (1, 0), (1, 1), (0, 5), (1, 8)]"

5.5*h**2 + 1.5*h - 39.0 for k >= 7,7.5*h**2 - 22.5*h + 35.0,3,5,"[(0, 1), (1, 0), (1, 1), (5, 5), (6, 6)]"

6.0*h**2 - 10.0*h + 9.0 for k >= 4,7.5*h**2 - 22.5*h + 35.0,3,5,"[(0, 0), (1, 0), (1, 1), (0, 2), (3, 6)]"

6.0*h**2 - 10.0*h + 9.0 for k >= 4,7.5*h**2 - 22.5*h + 35.0,3,5,"[(0, 0), (1, 1), (2, 1), (1, 3), (4, 0)]"

6.0*h**2 - 10.0*h + 9.0 for k >= 4,7.5*h**2 - 22.5*h + 35.0,3,5,"[(0, 0), (1, 1), (2, 1), (3, 4), (7, 9)]"

6.0*h**2 - 10.0*h + 9.0 for k >= 4,7.5*h**2 - 22.5*h + 35.0,3,5,"[(0, 2), (1, 0), (1, 1), (0, 0), (3, 6)]"

6.0*h**2 - 14.0*h + 8.0 for k >= 6,8.0*h**2 - 40.0*h + 92.0,2,8,"[(0, 0), (1, 0), (1, 1), (0, 1), (4, 8)]"

6.0*h**2 - 14.0*h + 8.0 for k >= 6,8.0*h**2 - 40.0*h + 92.0,2,8,"[(0, 0), (1, 1), (2, 1), (2, 5), (3, 2)]"

6.0*h**2 - 14.0*h + 8.0 for k >= 6,8.0*h**2 - 40.0*h + 92.0,2,8,"[(0, 0), (1, 1), (3, 2), (4, 0), (5, 1)]"

6.0*h**2 - 2.0*h - 21.0 for k >= 5,10.0*h**2 - 40.0*h + 70.0,4,5,"[(0, 0), (1, 0), (2, 1), (0, 2), (6, 0)]"

6.0*h**2 - 5.0*h - 11.0 for k >= 6,8.0*h**2 - 24.0*h + 36.0,4,4,"[(0, 1), (1, 0), (1, 1), (5, 4), (7, 5)]"

6.0*h**2 - 5.0*h - 14.0 for k >= 5,9.0*h**2 - 36.0*h + 66.0,3,6,"[(0, 0), (1, 0), (2, 1), (7, 0), (7, 1)]"

6.0*h**2 - 6.0*h - 11.0 for k >= 6,7.5*h**2 - 22.5*h + 35.0,3,5,"[(0, 1), (0, 2), (1, 0), (2, 5), (2, 7)]"

6.0*h**2 - 6.0*h - 5.0 for k >= 5,8.0*h**2 - 24.0*h + 36.0,4,4,"[(0, 2), (1, 0), (1, 1), (4, 1), (6, 0)]"

6.0*h**2 - 8.0*h + 4.0 for k >= 4,8.0*h**2 - 24.0*h + 36.0,4,4,"[(0, 0), (1, 0), (1, 1), (0, 7), (1, 5)]"

6.5*h**2 - 10.5*h - 47.0 for k >= 8,10.0*h**2 - 70.0*h + 205.0,2,10,"[(0, 0), (1, 1), (3, 2), (4, 6), (5, 7)]"

6.5*h**2 - 10.5*h + 5.0 for k >= 5,8.0*h**2 - 24.0*h + 36.0,4,4,"[(0, 2), (1, 0), (1, 1), (2, 5), (2, 8)]"

6.5*h**2 - 13.5*h + 15.0 for k >= 4,7.5*h**2 - 22.5*h + 35.0,3,5,"[(0, 0), (1, 0), (1, 1), (5, 4), (6, 3)]"

6.5*h**2 - 13.5*h + 17.0 for k >= 3,8.0*h**2 - 24.0*h + 36.0,4,4,"[(0, 0), (1, 0), (1, 1), (4, 0), (7, 2)]"

6.5*h**2 - 13.5*h + 17.0 for k >= 3,8.0*h**2 - 24.0*h + 36.0,4,4,"[(0, 0), (3, 2), (5, 3), (1, 2), (7, 5)]"

6.5*h**2 - 14.5*h + 19.0 for k >= 3,7.5*h**2 - 22.5*h + 35.0,3,5,"[(0, 0), (0, 1), (1, 1), (1, 5), (3, 5)]"

6.5*h**2 - 14.5*h + 19.0 for k >= 3,7.5*h**2 - 22.5*h + 35.0,3,5,"[(0, 0), (0, 1), (1, 1), (2, 5), (4, 5)]"

6.5*h**2 - 14.5*h + 19.0 for k >= 3,7.5*h**2 - 22.5*h + 35.0,3,5,"[(0, 0), (1, 0), (1, 1), (5, 3), (9, 7)]"

6.5*h**2 - 14.5*h + 19.0 for k >= 3,7.5*h**2 - 22.5*h + 35.0,3,5,"[(0, 0), (1, 0), (2, 1), (0, 4), (2, 3)]"

6.5*h**2 - 14.5*h + 19.0 for k >= 3,7.5*h**2 - 22.5*h + 35.0,3,5,"[(0, 0), (1, 1), (2, 1), (9, 4), (9, 5)]"

6.5*h**2 - 14.5*h + 19.0 for k >= 3,7.5*h**2 - 22.5*h + 35.0,3,5,"[(0, 0), (1, 1), (3, 2), (0, 1), (5, 6)]"

6.5*h**2 - 14.5*h + 19.0 for k >= 3,7.5*h**2 - 22.5*h + 35.0,3,5,"[(0, 1), (0, 2), (1, 0), (3, 0), (7, 0)]"

6.5*h**2 - 14.5*h + 19.0 for k >= 3,7.5*h**2 - 22.5*h + 35.0,3,5,"[(0, 1), (1, 0), (1, 1), (2, 2), (8, 6)]"

6.5*h**2 - 16.5*h + 1.0 for k >= 7,9.0*h**2 - 54.0*h + 141.0,2,9,"[(0, 1), (1, 0), (1, 1), (0, 2), (4, 6)]"

6.5*h**2 - 20.5*h + 29.0 for k >= 6,8.0*h**2 - 40.0*h + 92.0,2,8,"[(0, 0), (1, 0), (1, 1), (4, 8), (5, 9)]"

6.5*h**2 - 22.5*h + 41.0 for k >= 4,7.0*h**2 - 28.0*h + 56.0,2,7,"[(0, 0), (1, 0), (1, 1), (0, 6), (2, 1)]"

6.5*h**2 - 22.5*h + 41.0 for k >= 4,7.0*h**2 - 28.0*h + 56.0,2,7,"[(0, 0), (1, 0), (1, 1), (7, 2), (7, 3)]"

6.5*h**2 - 22.5*h + 41.0 for k >= 4,7.0*h**2 - 28.0*h + 56.0,2,7,"[(0, 0), (1, 1), (2, 1), (7, 7), (8, 7)]"

6.5*h**2 - 22.5*h + 41.0 for k >= 4,7.0*h**2 - 28.0*h + 56.0,2,7,"[(0, 0), (2, 1), (3, 2), (5, 3), (6, 6)]"

6.5*h**2 - 22.5*h + 41.0 for k >= 4,7.0*h**2 - 28.0*h + 56.0,2,7,"[(0, 1), (0, 2), (1, 0), (2, 4), (3, 2)]"

6.5*h**2 - 5.5*h - 17.0 for k >= 6,10.0*h**2 - 40.0*h + 70.0,4,5,"[(0, 0), (0, 1), (1, 1), (5, 0), (8, 1)]"

6.5*h**2 - 6.5*h - 11.0 for k >= 5,10.0*h**2 - 40.0*h + 70.0,4,5,"[(0, 1), (0, 2), (1, 0), (2, 2), (3, 6)]"

6.5*h**2 - 6.5*h - 23.0 for k >= 7,9.0*h**2 - 36.0*h + 66.0,3,6,"[(0, 0), (1, 0), (1, 1), (3, 2), (8, 9)]"

7.0*h**2 - 10.0*h - 17.0 for k >= 6,10.5*h**2 - 52.5*h + 112.0,3,7,"[(0, 0), (0, 1), (1, 0), (6, 1), (8, 0)]"

7.0*h**2 - 10.0*h - 17.0 for k >= 6,10.5*h**2 - 52.5*h + 112.0,3,7,"[(0, 0), (0, 1), (1, 1), (7, 1), (9, 2)]"

7.0*h**2 - 10.0*h - 17.0 for k >= 6,10.5*h**2 - 52.5*h + 112.0,3,7,"[(0, 0), (1, 0), (2, 1), (2, 2), (7, 0)]"

7.0*h**2 - 12.0*h + 4.0 for k >= 5,10.0*h**2 - 40.0*h + 70.0,4,5,"[(0, 0), (1, 1), (2, 1), (1, 3), (3, 8)]"

7.0*h**2 - 12.0*h + 4.0 for k >= 5,10.0*h**2 - 40.0*h + 70.0,4,5,"[(0, 0), (1, 1), (2, 1), (4, 5), (4, 7)]"

7.0*h**2 - 16.0*h + 16.0 for k >= 5,9.0*h**2 - 36.0*h + 66.0,3,6,"[(0, 0), (1, 1), (2, 1), (4, 5), (5, 3)]"

7.0*h**2 - 16.0*h + 20.0 for k >= 3,8.0*h**2 - 24.0*h + 36.0,4,4,"[(0, 0), (0, 1), (1, 1), (3, 5), (3, 8)]"

7.0*h**2 - 16.0*h + 20.0 for k >= 3,8.0*h**2 - 24.0*h + 36.0,4,4,"[(0, 0), (1, 0), (1, 1), (3, 5), (6, 8)]"

7.0*h**2 - 16.0*h + 20.0 for k >= 3,8.0*h**2 - 24.0*h + 36.0,4,4,"[(0, 0), (1, 0), (2, 1), (3, 3), (6, 2)]"

7.0*h**2 - 16.0*h + 20.0 for k >= 3,8.0*h**2 - 24.0*h + 36.0,4,4,"[(0, 0), (1, 0), (2, 1), (5, 1), (7, 4)]"

7.0*h**2 - 16.0*h + 20.0 for k >= 3,8.0*h**2 - 24.0*h + 36.0,4,4,"[(0, 0), (1, 1), (3, 2), (3, 1), (9, 7)]"

7.0*h**2 - 18.0*h + 25.0 for k >= 3,7.5*h**2 - 22.5*h + 35.0,3,5,"[(0, 0), (0, 1), (1, 1), (4, 6), (5, 5)]"

7.0*h**2 - 18.0*h + 25.0 for k >= 3,7.5*h**2 - 22.5*h + 35.0,3,5,"[(0, 0), (1, 0), (2, 1), (2, 2), (5, 9)]"

7.0*h**2 - 18.0*h + 25.0 for k >= 3,7.5*h**2 - 22.5*h + 35.0,3,5,"[(0, 0), (1, 0), (2, 1), (3, 4), (6, 5)]"

7.0*h**2 - 19.0*h - 11.0 for k >= 8,10.0*h**2 - 70.0*h + 205.0,2,10,"[(0, 2), (1, 0), (1, 1), (0, 3), (4, 4)]"

7.0*h**2 - 27.0*h + 50.0 for k >= 6,8.0*h**2 - 40.0*h + 92.0,2,8,"[(0, 0), (0, 1), (1, 0), (1, 1), (8, 6)]"

7.0*h**2 - 27.0*h + 50.0 for k >= 6,8.0*h**2 - 40.0*h + 92.0,2,8,"[(0, 0), (1, 0), (1, 1), (3, 8), (4, 9)]"

7.0*h**2 - 4.0*h - 42.0 for k >= 8,10.0*h**2 - 40.0*h + 70.0,4,5,"[(0, 1), (1, 0), (1, 1), (6, 5), (8, 7)]"

7.0*h**2 - 6.0*h - 29.0 for k >= 7,10.0*h**2 - 40.0*h + 70.0,4,5,"[(0, 0), (1, 0), (1, 1), (6, 5), (9, 9)]"

7.0*h**2 - 6.0*h - 29.0 for k >= 7,10.0*h**2 - 40.0*h + 70.0,4,5,"[(0, 1), (1, 0), (1, 1), (6, 3), (9, 5)]"

7.0*h**2 - 8.0*h - 16.0 for k >= 6,10.0*h**2 - 40.0*h + 70.0,4,5,"[(0, 1), (1, 0), (1, 1), (4, 3), (8, 7)]"

7.5*h**2 - 10.5*h - 19.0 for k >= 7,10.0*h**2 - 40.0*h + 70.0,4,5,"[(0, 0), (1, 1), (3, 2), (0, 3), (0, 5)]"

7.5*h**2 - 12.5*h - 8.0 for k >= 7,10.0*h**2 - 40.0*h + 70.0,4,5,"[(0, 0), (1, 0), (2, 1), (1, 2), (4, 9)]"

7.5*h**2 - 15.5*h - 2.0 for k >= 6,10.5*h**2 - 52.5*h + 112.0,3,7,"[(0, 0), (0, 1), (1, 0), (1, 2), (7, 5)]"

7.5*h**2 - 16.5*h + 2.0 for k >= 7,9.0*h**2 - 36.0*h + 66.0,3,6,"[(0, 0), (1, 0), (1, 1), (3, 2), (7, 9)]"

7.5*h**2 - 16.5*h + 4.0 for k >= 6,10.5*h**2 - 52.5*h + 112.0,3,7,"[(0, 0), (1, 0), (2, 1), (2, 4), (2, 8)]"

7.5*h**2 - 19.5*h + 26.0 for k >= 3,8.0*h**2 - 24.0*h + 36.0,4,4,"[(0, 0), (1, 0), (1, 1), (0, 3), (3, 6)]"

7.5*h**2 - 19.5*h + 26.0 for k >= 3,8.0*h**2 - 24.0*h + 36.0,4,4,"[(0, 0), (1, 0), (1, 1), (6, 3), (9, 3)]"

7.5*h**2 - 19.5*h + 26.0 for k >= 3,8.0*h**2 - 24.0*h + 36.0,4,4,"[(0, 0), (1, 0), (1, 1), (6, 3), (9, 6)]"

7.5*h**2 - 20.5*h + 26.0 for k >= 5,9.0*h**2 - 36.0*h + 66.0,3,6,"[(0, 0), (0, 1), (1, 0), (2, 4), (4, 3)]"

7.5*h**2 - 20.5*h + 26.0 for k >= 5,9.0*h**2 - 36.0*h + 66.0,3,6,"[(0, 0), (0, 1), (1, 1), (3, 7), (5, 9)]"

7.5*h**2 - 20.5*h + 26.0 for k >= 5,9.0*h**2 - 36.0*h + 66.0,3,6,"[(0, 0), (1, 0), (1, 1), (7, 3), (9, 5)]"

7.5*h**2 - 20.5*h + 26.0 for k >= 5,9.0*h**2 - 36.0*h + 66.0,3,6,"[(0, 0), (1, 1), (3, 2), (4, 1), (7, 5)]"

7.5*h**2 - 27.5*h + 25.0 for k >= 8,10.0*h**2 - 70.0*h + 205.0,2,10,"[(0, 0), (1, 1), (3, 2), (5, 0), (6, 1)]"

7.5*h**2 - 31.5*h + 57.0 for k >= 7,9.0*h**2 - 54.0*h + 141.0,2,9,"[(0, 1), (1, 0), (1, 1), (0, 0), (6, 9)]"

7.5*h**2 - 33.5*h + 71.0 for k >= 5,8.0*h**2 - 40.0*h + 92.0,2,8,"[(0, 0), (2, 1), (3, 2), (4, 5), (5, 8)]"

7.5*h**2 + 1.5*h - 139.0 for k >= 11,10.5*h**2 - 52.5*h + 112.0,3,7,"[(0, 0), (1, 1), (3, 2), (6, 0), (7, 0)]"

8.0*h**2 - 12.0*h - 33.0 for k >= 9,10.0*h**2 - 40.0*h + 70.0,4,5,"[(0, 0), (0, 1), (1, 0), (5, 6), (6, 8)]"

8.0*h**2 - 15.0*h - 27.0 for k >= 7,12.0*h**2 - 72.0*h + 176.0,3,8,"[(0, 0), (1, 1), (2, 1), (2, 0), (3, 8)]"

8.0*h**2 - 15.0*h - 27.0 for k >= 7,12.0*h**2 - 72.0*h + 176.0,3,8,"[(0, 0), (1, 1), (2, 1), (7, 8), (7, 9)]"

8.0*h**2 - 16.0*h - 20.0 for k >= 7,12.0*h**2 - 72.0*h + 176.0,3,8,"[(0, 0), (1, 1), (2, 1), (2, 0), (4, 8)]"

8.0*h**2 - 20.0*h + 18.0 for k >= 6,10.0*h**2 - 40.0*h + 70.0,4,5,"[(0, 0), (5, 3), (8, 5), (4, 1), (8, 4)]"

8.0*h**2 - 20.0*h + 20.0 for k >= 5,10.0*h**2 - 40.0*h + 70.0,4,5,"[(0, 0), (0, 1), (1, 0), (1, 3), (5, 7)]"

8.0*h**2 - 20.0*h + 20.0 for k >= 5,10.0*h**2 - 40.0*h + 70.0,4,5,"[(0, 0), (0, 1), (1, 1), (3, 4), (4, 9)]"

8.0*h**2 - 21.0*h + 24.0 for k >= 5,10.0*h**2 - 40.0*h + 70.0,4,5,"[(0, 0), (0, 1), (1, 1), (3, 4), (7, 5)]"

8.0*h**2 - 22.0*h + 19.0 for k >= 6,10.5*h**2 - 52.5*h + 112.0,3,7,"[(0, 0), (1, 0), (1, 1), (1, 8), (2, 7)]"

8.0*h**2 - 22.0*h + 29.0 for k >= 3,10.0*h**2 - 40.0*h + 70.0,4,5,"[(0, 1), (1, 0), (1, 1), (0, 7), (2, 3)]"

8.0*h**2 - 24.0*h + 30.0 for k >= 6,9.0*h**2 - 36.0*h + 66.0,3,6,"[(0, 0), (1, 0), (2, 1), (1, 4), (4, 1)]"

8.0*h**2 - 26.0*h + 41.0 for k >= 4,9.0*h**2 - 36.0*h + 66.0,3,6,"[(0, 0), (0, 1), (1, 1), (0, 3), (4, 8)]"

8.0*h**2 - 26.0*h + 41.0 for k >= 4,9.0*h**2 - 36.0*h + 66.0,3,6,"[(0, 0), (1, 0), (1, 1), (0, 2), (5, 6)]"

8.0*h**2 - 26.0*h + 41.0 for k >= 4,9.0*h**2 - 36.0*h + 66.0,3,6,"[(0, 0), (1, 0), (1, 1), (0, 2), (6, 4)]"

8.0*h**2 - 26.0*h + 41.0 for k >= 4,9.0*h**2 - 36.0*h + 66.0,3,6,"[(0, 0), (1, 1), (2, 1), (1, 2), (2, 9)]"

8.0*h**2 - 26.0*h + 41.0 for k >= 4,9.0*h**2 - 36.0*h + 66.0,3,6,"[(0, 0), (1, 1), (3, 2), (0, 2), (8, 5)]"

8.0*h**2 - 26.0*h + 41.0 for k >= 4,9.0*h**2 - 36.0*h + 66.0,3,6,"[(0, 0), (2, 1), (3, 2), (3, 1), (8, 0)]"

8.0*h**2 - 26.0*h + 41.0 for k >= 4,9.0*h**2 - 36.0*h + 66.0,3,6,"[(0, 0), (3, 2), (5, 3), (5, 0), (5, 2)]"

8.0*h**2 - 31.0*h + 16.0 for k >= 9,11.0*h**2 - 88.0*h + 286.0,2,11,"[(0, 0), (1, 0), (2, 1), (0, 5), (3, 1)]"

8.0*h**2 - 36.0*h + 61.0 for k >= 8,10.0*h**2 - 70.0*h + 205.0,2,10,"[(0, 5), (1, 3), (3, 0), (3, 3), (5, 0)]"

8.0*h**2 - 39.0*h + 85.0 for k >= 7,9.0*h**2 - 54.0*h + 141.0,2,9,"[(0, 0), (0, 1), (1, 0), (1, 1), (9, 7)]"

8.0*h**2 - 39.0*h + 85.0 for k >= 7,9.0*h**2 - 54.0*h + 141.0,2,9,"[(0, 1), (1, 0), (1, 1), (0, 2), (7, 3)]"

8.0*h**2 - 6.0*h - 57.0 for k >= 8,12.5*h**2 - 62.5*h + 125.0,5,5,"[(0, 0), (1, 1), (2, 1), (0, 5), (0, 8)]"

8.0*h**2 + 2.0*h - 181.0 for k >= 12,12.0*h**2 - 72.0*h + 176.0,3,8,"[(0, 0), (1, 1), (2, 1), (0, 7), (0, 8)]"

8.5*h**2 - 13.5*h - 35.0 for k >= 8,12.0*h**2 - 60.0*h + 122.0,4,6,"[(0, 0), (1, 1), (3, 2), (0, 4), (4, 1)]"

8.5*h**2 - 14.5*h - 21.0 for k >= 7,12.5*h**2 - 62.5*h + 125.0,5,5,"[(0, 0), (1, 0), (2, 1), (0, 3), (0, 8)]"

8.5*h**2 - 20.5*h + 12.0 for k >= 6,12.5*h**2 - 62.5*h + 125.0,5,5,"[(0, 0), (1, 1), (2, 1), (7, 5), (7, 7)]"

8.5*h**2 - 22.5*h + 1.0 for k >= 7,12.0*h**2 - 72.0*h + 176.0,3,8,"[(0, 0), (0, 1), (1, 0), (1, 2), (8, 4)]"

8.5*h**2 - 22.5*h + 1.0 for k >= 7,12.0*h**2 - 72.0*h + 176.0,3,8,"[(0, 0), (0, 1), (1, 0), (4, 4), (8, 9)]"

8.5*h**2 - 22.5*h + 1.0 for k >= 7,12.0*h**2 - 72.0*h + 176.0,3,8,"[(0, 0), (1, 0), (2, 1), (2, 2), (2, 9)]"

8.5*h**2 - 23.5*h + 24.0 for k >= 6,10.0*h**2 - 40.0*h + 70.0,4,5,"[(0, 0), (1, 0), (1, 1), (6, 3), (8, 6)]"

8.5*h**2 - 24.5*h + 30.0 for k >= 5,10.0*h**2 - 40.0*h + 70.0,4,5,"[(0, 0), (0, 1), (1, 0), (4, 3), (5, 6)]"

8.5*h**2 - 24.5*h + 30.0 for k >= 5,10.0*h**2 - 40.0*h + 70.0,4,5,"[(0, 0), (1, 0), (1, 1), (5, 4), (7, 3)]"

8.5*h**2 - 26.5*h + 27.0 for k >= 7,10.5*h**2 - 52.5*h + 112.0,3,7,"[(0, 0), (0, 1), (1, 1), (2, 3), (9, 6)]"

8.5*h**2 - 26.5*h + 27.0 for k >= 7,10.5*h**2 - 52.5*h + 112.0,3,7,"[(0, 2), (1, 0), (1, 1), (0, 4), (4, 3)]"

8.5*h**2 - 26.5*h + 39.0 for k >= 4,10.0*h**2 - 40.0*h + 70.0,4,5,"[(0, 0), (1, 0), (1, 1), (2, 4), (6, 7)]"

8.5*h**2 - 26.5*h + 39.0 for k >= 4,10.0*h**2 - 40.0*h + 70.0,4,5,"[(0, 2), (1, 0), (1, 1), (3, 1), (3, 5)]"

8.5*h**2 - 30.5*h + 51.0 for k >= 4,9.0*h**2 - 36.0*h + 66.0,3,6,"[(0, 0), (0, 1), (1, 1), (1, 6), (3, 2)]"

8.5*h**2 - 30.5*h + 51.0 for k >= 4,9.0*h**2 - 36.0*h + 66.0,3,6,"[(0, 0), (1, 0), (1, 1), (6, 6), (7, 5)]"

8.5*h**2 - 30.5*h + 51.0 for k >= 4,9.0*h**2 - 36.0*h + 66.0,3,6,"[(0, 0), (1, 0), (2, 1), (2, 5), (4, 3)]"

8.5*h**2 - 44.5*h + 97.0 for k >= 8,10.0*h**2 - 70.0*h + 205.0,2,10,"[(0, 2), (1, 0), (1, 1), (0, 1), (7, 4)]"

8.5*h**2 - 46.5*h + 113.0 for k >= 6,9.0*h**2 - 54.0*h + 141.0,2,9,"[(0, 0), (0, 1), (1, 1), (1, 9), (2, 2)]"

8.5*h**2 - 46.5*h + 113.0 for k >= 6,9.0*h**2 - 54.0*h + 141.0,2,9,"[(0, 0), (1, 0), (1, 1), (9, 0), (9, 1)]"

8.5*h**2 - 46.5*h + 113.0 for k >= 6,9.0*h**2 - 54.0*h + 141.0,2,9,"[(0, 0), (1, 0), (1, 1), (9, 7), (9, 8)]"

8.5*h**2 - 46.5*h + 113.0 for k >= 6,9.0*h**2 - 54.0*h + 141.0,2,9,"[(0, 1), (1, 0), (1, 1), (2, 8), (3, 8)]"

8.5*h**2 - 46.5*h + 113.0 for k >= 6,9.0*h**2 - 54.0*h + 141.0,2,9,"[(0, 3), (1, 2), (2, 0), (2, 1), (7, 1)]"

8.5*h**2 - 46.5*h + 113.0 for k >= 6,9.0*h**2 - 54.0*h + 141.0,2,9,"[(0, 3), (1, 2), (2, 0), (3, 3), (5, 4)]"

9.0*h**2 - 22.0*h - 2.0 for k >= 8,12.0*h**2 - 60.0*h + 122.0,4,6,"[(0, 3), (1, 2), (2, 0), (0, 8), (1, 8)]"

9.0*h**2 - 22.0*h - 31.0 for k >= 8,13.5*h**2 - 94.5*h + 261.0,3,9,"[(0, 0), (1, 1), (3, 2), (6, 8), (7, 8)]"

9.0*h**2 - 25.0*h + 19.0 for k >= 6,12.0*h**2 - 60.0*h + 122.0,4,6,"[(0, 0), (2, 1), (3, 2), (3, 3), (7, 1)]"

9.0*h**2 - 26.0*h + 25.0 for k >= 6,12.0*h**2 - 60.0*h + 122.0,4,6,"[(0, 0), (1, 0), (2, 1), (1, 2), (9, 2)]"

9.0*h**2 - 26.0*h + 25.0 for k >= 6,12.0*h**2 - 60.0*h + 122.0,4,6,"[(0, 0), (5, 3), (8, 5), (6, 5), (8, 4)]"

9.0*h**2 - 27.0*h + 30.0 for k >= 6,12.0*h**2 - 60.0*h + 122.0,4,6,"[(0, 0), (1, 1), (3, 2), (3, 5), (6, 6)]"

9.0*h**2 - 30.0*h + 29.0 for k >= 7,12.0*h**2 - 72.0*h + 176.0,3,8,"[(0, 0), (0, 1), (1, 1), (2, 0), (2, 8)]"

9.0*h**2 - 30.0*h + 29.0 for k >= 7,12.0*h**2 - 72.0*h + 176.0,3,8,"[(0, 0), (1, 0), (1, 1), (0, 2), (8, 2)]"

9.0*h**2 - 30.0*h + 45.0 for k >= 4,10.0*h**2 - 40.0*h + 70.0,4,5,"[(0, 0), (1, 0), (1, 1), (2, 5), (5, 7)]"

9.0*h**2 - 30.0*h + 45.0 for k >= 4,10.0*h**2 - 40.0*h + 70.0,4,5,"[(0, 0), (1, 0), (1, 1), (4, 2), (4, 6)]"

9.0*h**2 - 30.0*h + 45.0 for k >= 4,10.0*h**2 - 40.0*h + 70.0,4,5,"[(0, 0), (1, 0), (1, 1), (4, 4), (6, 2)]"

9.0*h**2 - 30.0*h + 45.0 for k >= 4,10.0*h**2 - 40.0*h + 70.0,4,5,"[(0, 0), (1, 0), (1, 1), (4, 5), (6, 4)]"

9.0*h**2 - 30.0*h + 45.0 for k >= 4,10.0*h**2 - 40.0*h + 70.0,4,5,"[(0, 0), (1, 1), (2, 1), (4, 5), (9, 9)]"

9.0*h**2 - 30.0*h + 45.0 for k >= 4,10.0*h**2 - 40.0*h + 70.0,4,5,"[(0, 0), (2, 1), (3, 2), (6, 5), (8, 9)]"

9.0*h**2 - 30.0*h + 45.0 for k >= 4,10.0*h**2 - 40.0*h + 70.0,4,5,"[(0, 1), (0, 2), (1, 0), (2, 2), (8, 3)]"

9.0*h**2 - 30.0*h + 45.0 for k >= 4,10.0*h**2 - 40.0*h + 70.0,4,5,"[(0, 3), (1, 2), (2, 0), (2, 2), (6, 3)]"

9.0*h**2 - 34.0*h + 55.0 for k >= 6,10.5*h**2 - 52.5*h + 112.0,3,7,"[(0, 0), (1, 0), (2, 1), (3, 5), (4, 1)]"

9.0*h**2 - 34.0*h + 55.0 for k >= 6,10.5*h**2 - 52.5*h + 112.0,3,7,"[(0, 1), (1, 0), (1, 1), (5, 4), (5, 6)]"

9.0*h**2 - 45.0*h + 56.0 for k >= 10,12.0*h**2 - 108.0*h + 386.0,2,12,"[(0, 0), (2, 1), (3, 2), (5, 3), (9, 2)]"

9.0*h**2 - 53.0*h + 133.0 for k >= 8,10.0*h**2 - 70.0*h + 205.0,2,10,"[(0, 0), (1, 0), (2, 1), (3, 1), (7, 8)]"

9.5*h**2 - 19.5*h - 53.0 for k >= 11,12.0*h**2 - 60.0*h + 122.0,4,6,"[(0, 1), (0, 2), (1, 0), (3, 8), (4, 9)]"

9.5*h**2 - 25.5*h + 7.0 for k >= 8,12.5*h**2 - 62.5*h + 125.0,5,5,"[(0, 0), (2, 1), (3, 2), (3, 4), (9, 9)]"

9.5*h**2 - 26.5*h + 15.0 for k >= 7,12.5*h**2 - 62.5*h + 125.0,5,5,"[(0, 0), (2, 1), (3, 2), (1, 2), (6, 9)]"

9.5*h**2 - 32.5*h + 48.0 for k >= 4,12.5*h**2 - 62.5*h + 125.0,5,5,"[(0, 1), (1, 0), (1, 1), (3, 3), (5, 9)]"

9.5*h**2 - 34.5*h + 55.0 for k >= 4,10.0*h**2 - 40.0*h + 70.0,4,5,"[(0, 0), (1, 0), (1, 1), (0, 3), (5, 4)]"

9.5*h**2 - 34.5*h + 55.0 for k >= 4,10.0*h**2 - 40.0*h + 70.0,4,5,"[(0, 0), (1, 0), (1, 1), (0, 5), (3, 4)]"

9.5*h**2 - 34.5*h + 55.0 for k >= 4,10.0*h**2 - 40.0*h + 70.0,4,5,"[(0, 0), (1, 0), (2, 1), (0, 9), (1, 2)]"

9.5*h**2 - 34.5*h + 55.0 for k >= 4,10.0*h**2 - 40.0*h + 70.0,4,5,"[(0, 1), (1, 0), (1, 1), (2, 3), (6, 0)]"

9.5*h**2 - 34.5*h + 55.0 for k >= 4,10.0*h**2 - 40.0*h + 70.0,4,5,"[(0, 1), (1, 0), (1, 1), (2, 4), (5, 2)]"

9.5*h**2 - 40.5*h + 76.0 for k >= 5,10.5*h**2 - 52.5*h + 112.0,3,7,"[(0, 0), (1, 0), (1, 1), (0, 6), (3, 1)]"

9.5*h**2 - 40.5*h + 76.0 for k >= 5,10.5*h**2 - 52.5*h + 112.0,3,7,"[(0, 0), (1, 0), (1, 1), (3, 3), (7, 1)]"

9.5*h**2 - 40.5*h + 76.0 for k >= 5,10.5*h**2 - 52.5*h + 112.0,3,7,"[(0, 0), (1, 1), (3, 2), (0, 1), (2, 7)]"

9.5*h**2 - 40.5*h + 76.0 for k >= 5,10.5*h**2 - 52.5*h + 112.0,3,7,"[(0, 0), (2, 1), (3, 2), (4, 0), (8, 3)]"

9.5*h**2 - 40.5*h + 76.0 for k >= 5,10.5*h**2 - 52.5*h + 112.0,3,7,"[(0, 0), (2, 1), (3, 2), (6, 6), (7, 4)]"

9.5*h**2 - 55.5*h + 111.0 for k >= 10,12.0*h**2 - 108.0*h + 386.0,2,12,"[(0, 2), (1, 0), (1, 1), (0, 1), (7, 6)]"

9.5*h**2 - 61.5*h + 169.0 for k >= 7,10.0*h**2 - 70.0*h + 205.0,2,10,"[(0, 1), (0, 2), (1, 0), (3, 5), (6, 8)]"

Actual P(h),Expected P(h),c_1,c_2,A

